city,date,temp_max_c,temp_min_c,precipitation_mm
New York,2024-01-01,7.7,0.2,0.0
New York,2024-01-02,5.7,-4.6,0.0
New York,2024-01-03,7.7,-2.3,0.0
New York,2024-01-04,6.8,-0.7,0.0
New York,2024-01-05,3.1,-5.4,0.0
New York,2024-01-06,2.8,-5.2,3.7
New York,2024-01-07,2.5,0.7,14.6
New York,2024-01-08,6.3,-1.0,0.0
New York,2024-01-09,9.6,-4.6,9.8
New York,2024-01-10,13.8,6.3,49.9
New York,2024-01-11,8.2,0.1,0.0
New York,2024-01-12,8.2,-2.0,0.0
New York,2024-01-13,14.6,4.3,23.7
New York,2024-01-14,6.3,-2.1,0.5
New York,2024-01-15,-0.8,-5.9,0.0
New York,2024-01-16,-0.9,-4.1,10.3
New York,2024-01-17,-2.1,-9.0,0.0
New York,2024-01-18,0.4,-6.8,0.3
New York,2024-01-19,-0.9,-3.1,2.7
New York,2024-01-20,-3.4,-8.2,0.0
New York,2024-01-21,-1.2,-7.5,0.0
New York,2024-01-22,3.6,-7.0,0.0
New York,2024-01-23,4.6,-2.5,1.7
New York,2024-01-24,5.6,-0.6,2.4
New York,2024-01-25,11.4,3.8,6.3
New York,2024-01-26,8.4,5.4,4.7
New York,2024-01-27,8.6,2.8,0.0
New York,2024-01-28,6.3,2.6,20.8
New York,2024-01-29,5.9,1.9,1.2
New York,2024-01-30,4.3,-4.0,0.0
New York,2024-01-31,4.5,1.1,0.2
New York,2024-02-01,9.0,-3.4,0.0
New York,2024-02-02,6.0,3.3,6.9
New York,2024-02-03,6.0,-3.2,0.0
New York,2024-02-04,7.5,-3.8,0.0
New York,2024-02-05,7.1,-3.3,0.0
New York,2024-02-06,5.7,-4.9,0.0
New York,2024-02-07,8.2,-3.7,0.0
New York,2024-02-08,10.0,-3.8,0.0
New York,2024-02-09,11.4,1.0,0.0
New York,2024-02-10,15.9,1.8,0.0
New York,2024-02-11,10.5,3.6,0.1
New York,2024-02-12,9.2,-1.8,0.0
New York,2024-02-13,5.1,-0.8,27.8
New York,2024-02-14,0.9,-4.3,0.0
New York,2024-02-15,2.9,-5.4,0.0
New York,2024-02-16,5.1,-2.0,0.2
New York,2024-02-17,2.2,-2.1,5.9
New York,2024-02-18,5.0,-6.3,0.0
New York,2024-02-19,4.1,-4.1,0.0
New York,2024-02-20,2.4,-6.5,0.0
New York,2024-02-21,4.6,-5.6,0.0
New York,2024-02-22,6.8,-5.1,0.0
New York,2024-02-23,8.2,1.4,3.4
New York,2024-02-24,5.6,0.8,0.0
New York,2024-02-25,4.1,-7.4,0.0
New York,2024-02-26,11.5,-2.2,2.9
New York,2024-02-27,13.9,-0.1,0.0
New York,2024-02-28,17.2,9.8,15.5
New York,2024-02-29,15.1,-2.8,4.1
New York,2024-03-01,5.9,-4.4,0.0
New York,2024-03-02,10.2,1.8,27.1
New York,2024-03-03,18.7,5.9,1.0
New York,2024-03-04,14.4,3.7,0.0
New York,2024-03-05,8.4,3.9,20.3
New York,2024-03-06,9.8,3.7,14.6
New York,2024-03-07,12.7,7.5,22.1
New York,2024-03-08,12.4,0.8,0.0
New York,2024-03-09,6.3,3.8,6.2
New York,2024-03-10,10.9,5.7,43.4
New York,2024-03-11,10.1,1.0,0.0
New York,2024-03-12,17.6,2.6,0.0
New York,2024-03-13,15.4,2.5,0.0
New York,2024-03-14,21.3,4.0,0.0
New York,2024-03-15,21.7,9.3,0.8
New York,2024-03-16,14.4,4.8,0.1
New York,2024-03-17,15.8,7.3,0.4
New York,2024-03-18,9.5,4.3,0.0
New York,2024-03-19,7.5,0.3,0.0
New York,2024-03-20,12.0,1.2,3.3
New York,2024-03-21,6.5,-3.7,0.0
New York,2024-03-22,5.7,-5.2,0.0
New York,2024-03-23,10.0,3.1,63.6
New York,2024-03-24,8.6,-2.4,0.0
New York,2024-03-25,10.2,-1.5,0.0
New York,2024-03-26,10.0,0.1,0.0
New York,2024-03-27,10.9,4.8,0.6
New York,2024-03-28,10.7,7.3,19.5
New York,2024-03-29,12.7,4.0,2.4
New York,2024-03-30,14.6,2.4,0.0
New York,2024-03-31,16.3,4.5,0.3
New York,2024-04-01,12.6,5.5,3.3
New York,2024-04-02,9.8,6.2,18.0
New York,2024-04-03,6.9,5.1,22.8
New York,2024-04-04,9.2,3.1,12.3
New York,2024-04-05,9.6,1.7,0.6
New York,2024-04-06,11.5,3.1,0.2
New York,2024-04-07,14.3,1.6,0.1
New York,2024-04-08,18.1,0.9,0.9
New York,2024-04-09,24.0,4.9,0.1
New York,2024-04-10,16.0,8.3,0.6
New York,2024-04-11,17.2,9.3,4.2
New York,2024-04-12,19.6,13.2,17.2
New York,2024-04-13,14.0,7.7,2.0
New York,2024-04-14,22.2,6.0,0.8
New York,2024-04-15,24.8,10.4,0.1
New York,2024-04-16,20.6,7.0,0.0
New York,2024-04-17,17.7,7.5,1.2
New York,2024-04-18,10.2,8.3,8.0
New York,2024-04-19,13.2,4.1,0.0
New York,2024-04-20,20.2,8.4,2.3
New York,2024-04-21,13.8,2.1,0.0
New York,2024-04-22,15.0,2.1,0.0
New York,2024-04-23,14.8,2.2,0.0
New York,2024-04-24,21.4,8.6,1.6
New York,2024-04-25,13.4,3.2,0.0
New York,2024-04-26,14.6,1.7,0.0
New York,2024-04-27,14.5,3.1,0.0
New York,2024-04-28,22.8,8.8,0.3
New York,2024-04-29,28.3,13.9,4.0
New York,2024-04-30,22.9,11.7,0.0
New York,2024-05-01,24.8,10.6,3.7
New York,2024-05-02,27.8,10.3,0.0
New York,2024-05-03,22.4,10.7,0.0
New York,2024-05-04,16.6,7.9,0.0
New York,2024-05-05,12.1,9.2,5.9
New York,2024-05-06,22.7,11.6,3.5
New York,2024-05-07,26.1,12.2,0.0
New York,2024-05-08,30.9,16.0,0.0
New York,2024-05-09,25.2,14.3,0.0
New York,2024-05-10,17.1,9.5,11.5
New York,2024-05-11,16.6,6.5,1.4
New York,2024-05-12,13.5,9.3,7.6
New York,2024-05-13,20.0,5.9,0.0
New York,2024-05-14,22.6,9.5,0.7
New York,2024-05-15,19.8,13.5,8.6
New York,2024-05-16,19.0,14.8,5.1
New York,2024-05-17,22.7,12.1,0.4
New York,2024-05-18,22.8,13.2,1.2
New York,2024-05-19,23.4,12.9,1.2
New York,2024-05-20,23.8,10.7,0.0
New York,2024-05-21,27.1,12.4,0.0
New York,2024-05-22,28.6,15.8,0.0
New York,2024-05-23,27.2,19.0,3.0
New York,2024-05-24,29.4,15.8,0.0
New York,2024-05-25,26.0,14.0,0.0
New York,2024-05-26,26.1,15.7,0.2
New York,2024-05-27,22.6,17.2,13.4
New York,2024-05-28,27.1,18.5,21.2
New York,2024-05-29,25.1,14.0,0.8
New York,2024-05-30,21.7,14.0,13.8
New York,2024-05-31,25.0,13.2,0.0
New York,2024-06-01,28.2,13.2,0.0
New York,2024-06-02,27.3,14.3,0.0
New York,2024-06-03,30.1,17.6,0.2
New York,2024-06-04,25.7,16.5,0.0
New York,2024-06-05,26.3,14.7,0.2
New York,2024-06-06,27.8,19.4,46.9
New York,2024-06-07,28.6,17.6,0.5
New York,2024-06-08,25.3,15.5,0.0
New York,2024-06-09,25.4,14.6,0.1
New York,2024-06-10,24.5,14.7,0.0
New York,2024-06-11,23.4,13.9,1.1
New York,2024-06-12,25.8,14.5,0.0
New York,2024-06-13,29.1,14.0,0.0
New York,2024-06-14,29.7,19.5,14.9
New York,2024-06-15,27.4,17.1,4.0
New York,2024-06-16,24.1,14.5,0.0
New York,2024-06-17,29.6,16.1,0.0
New York,2024-06-18,30.0,20.5,0.0
New York,2024-06-19,31.1,19.8,0.0
New York,2024-06-20,33.4,19.9,0.0
New York,2024-06-21,35.6,22.7,0.0
New York,2024-06-22,34.7,22.3,3.2
New York,2024-06-23,36.3,22.7,1.9
New York,2024-06-24,32.5,24.3,0.0
New York,2024-06-25,33.9,20.2,0.0
New York,2024-06-26,35.9,23.2,0.0
New York,2024-06-27,30.4,21.9,10.7
New York,2024-06-28,26.8,15.5,0.0
New York,2024-06-29,26.9,17.9,0.6
New York,2024-06-30,33.5,23.4,15.3
New York,2024-07-01,26.9,16.5,6.7
New York,2024-07-02,28.8,16.5,0.0
New York,2024-07-03,28.1,17.2,0.0
New York,2024-07-04,30.5,19.5,0.1
New York,2024-07-05,32.3,22.1,3.4
New York,2024-07-06,33.2,23.0,3.2
New York,2024-07-07,32.7,23.9,1.6
New York,2024-07-08,33.0,23.3,0.0
New York,2024-07-09,31.1,22.5,0.2
New York,2024-07-10,32.1,24.8,0.3
New York,2024-07-11,34.6,24.5,5.6
New York,2024-07-12,29.5,21.9,4.9
New York,2024-07-13,30.8,21.7,28.6
New York,2024-07-14,31.4,22.0,1.2
New York,2024-07-15,35.3,23.2,0.1
New York,2024-07-16,35.3,22.7,0.9
New York,2024-07-17,32.1,24.4,20.5
New York,2024-07-18,30.9,21.5,13.9
New York,2024-07-19,29.0,18.0,0.0
New York,2024-07-20,28.9,17.8,2.1
New York,2024-07-21,31.5,19.8,0.1
New York,2024-07-22,28.5,21.2,1.3
New York,2024-07-23,29.7,21.1,6.5
New York,2024-07-24,29.6,22.0,0.6
New York,2024-07-25,30.8,20.7,8.2
New York,2024-07-26,29.5,18.2,0.0
New York,2024-07-27,30.1,17.7,0.0
New York,2024-07-28,31.5,18.2,0.0
New York,2024-07-29,29.6,21.6,4.0
New York,2024-07-30,32.1,21.4,0.0
New York,2024-07-31,32.1,23.3,9.8
New York,2024-08-01,34.9,20.6,0.2
New York,2024-08-02,33.1,23.7,9.9
New York,2024-08-03,33.1,23.6,11.7
New York,2024-08-04,28.3,23.2,15.2
New York,2024-08-05,32.0,20.4,0.0
New York,2024-08-06,32.6,22.8,26.7
New York,2024-08-07,24.0,19.8,21.4
New York,2024-08-08,23.5,18.2,17.5
New York,2024-08-09,28.6,20.6,24.8
New York,2024-08-10,29.6,21.8,1.5
New York,2024-08-11,27.6,19.1,0.0
New York,2024-08-12,26.4,16.5,0.0
New York,2024-08-13,27.1,16.5,0.0
New York,2024-08-14,28.6,17.7,0.0
New York,2024-08-15,30.4,17.3,0.1
New York,2024-08-16,30.5,18.5,0.0
New York,2024-08-17,26.5,20.9,0.4
New York,2024-08-18,25.8,21.6,23.0
New York,2024-08-19,28.5,20.4,38.2
New York,2024-08-20,22.9,16.9,0.3
New York,2024-08-21,22.8,13.0,0.0
New York,2024-08-22,24.7,12.6,0.0
New York,2024-08-23,27.5,13.4,0.0
New York,2024-08-24,30.0,14.9,0.0
New York,2024-08-25,30.2,16.4,0.2
New York,2024-08-26,30.0,18.2,0.9
New York,2024-08-27,29.9,17.8,0.0
New York,2024-08-28,34.2,21.6,0.0
New York,2024-08-29,30.3,20.2,4.2
New York,2024-08-30,24.0,18.3,4.3
New York,2024-08-31,25.8,17.8,0.9
New York,2024-09-01,29.2,21.0,4.8
New York,2024-09-02,26.3,18.8,0.0
New York,2024-09-03,23.0,12.3,0.0
New York,2024-09-04,25.2,12.4,0.0
New York,2024-09-05,25.7,12.7,0.0
New York,2024-09-06,26.6,14.6,0.1
New York,2024-09-07,24.6,17.7,3.1
New York,2024-09-08,21.9,11.5,0.0
New York,2024-09-09,25.1,10.6,0.0
New York,2024-09-10,26.1,13.8,0.0
New York,2024-09-11,25.6,12.1,0.0
New York,2024-09-12,26.3,14.9,0.0
New York,2024-09-13,27.5,13.9,0.0
New York,2024-09-14,29.7,14.9,0.0
New York,2024-09-15,28.1,16.9,0.0
New York,2024-09-16,25.8,13.1,0.0
New York,2024-09-17,27.2,14.8,0.0
New York,2024-09-18,23.9,17.9,0.0
New York,2024-09-19,29.8,16.4,0.0
New York,2024-09-20,27.8,17.4,0.0
New York,2024-09-21,27.1,15.4,0.0
New York,2024-09-22,25.4,13.6,0.0
New York,2024-09-23,21.1,13.3,0.1
New York,2024-09-24,20.2,13.9,0.0
New York,2024-09-25,20.8,16.1,1.1
New York,2024-09-26,23.4,17.2,4.4
New York,2024-09-27,22.3,19.0,0.4
New York,2024-09-28,20.0,17.0,12.4
New York,2024-09-29,18.7,16.1,3.0
New York,2024-09-30,22.9,14.4,0.0
New York,2024-10-01,22.2,14.7,0.0
New York,2024-10-02,20.7,13.0,0.0
New York,2024-10-03,22.4,15.2,0.1
New York,2024-10-04,23.4,12.4,0.0
New York,2024-10-05,24.1,15.6,0.6
New York,2024-10-06,21.9,10.1,0.0
New York,2024-10-07,23.6,16.0,5.5
New York,2024-10-08,20.9,10.5,0.0
New York,2024-10-09,20.3,9.2,0.0
New York,2024-10-10,18.1,7.7,0.1
New York,2024-10-11,21.2,6.5,0.0
New York,2024-10-12,23.2,14.0,0.0
New York,2024-10-13,23.6,9.8,0.0
New York,2024-10-14,20.7,10.6,0.0
New York,2024-10-15,14.7,5.4,0.2
New York,2024-10-16,15.5,5.4,0.0
New York,2024-10-17,15.3,3.6,0.0
New York,2024-10-18,19.5,6.8,0.0
New York,2024-10-19,21.6,7.1,0.0
New York,2024-10-20,24.6,5.8,0.0
New York,2024-10-21,27.8,7.8,0.0
New York,2024-10-22,27.8,12.8,0.0
New York,2024-10-23,25.4,11.0,0.0
New York,2024-10-24,20.8,14.5,0.6
New York,2024-10-25,18.2,6.5,0.0
New York,2024-10-26,18.3,9.6,0.0
New York,2024-10-27,14.9,4.8,0.0
New York,2024-10-28,16.3,2.9,0.0
New York,2024-10-29,17.6,6.1,1.0
New York,2024-10-30,25.9,11.1,0.1
New York,2024-10-31,28.2,12.0,0.0
New York,2024-11-01,26.7,19.2,0.3
New York,2024-11-02,18.1,9.4,0.0
New York,2024-11-03,13.3,3.7,0.0
New York,2024-11-04,14.4,3.5,0.0
New York,2024-11-05,22.6,8.8,0.0
New York,2024-11-06,27.0,16.4,0.0
New York,2024-11-07,23.1,15.4,0.0
New York,2024-11-08,20.6,6.7,0.0
New York,2024-11-09,16.2,4.5,0.0
New York,2024-11-10,14.5,2.3,0.0
New York,2024-11-11,21.1,12.5,4.0
New York,2024-11-12,15.4,7.9,0.0
New York,2024-11-13,9.2,1.4,0.0
New York,2024-11-14,7.8,1.4,0.0
New York,2024-11-15,14.8,3.1,0.0
New York,2024-11-16,16.5,6.3,0.0
New York,2024-11-17,18.0,6.5,0.0
New York,2024-11-18,17.9,7.6,0.0
New York,2024-11-19,14.8,6.0,0.0
New York,2024-11-20,15.9,7.3,0.0
New York,2024-11-21,12.5,7.8,32.7
New York,2024-11-22,6.7,2.7,21.4
New York,2024-11-23,8.9,2.1,4.5
New York,2024-11-24,10.9,5.5,0.0
New York,2024-11-25,10.8,2.2,0.0
New York,2024-11-26,14.9,7.3,3.7
New York,2024-11-27,10.3,2.3,0.0
New York,2024-11-28,11.7,4.9,13.1
New York,2024-11-29,7.8,1.1,0.2
New York,2024-11-30,3.6,-2.2,0.0
New York,2024-12-01,2.7,-3.7,0.0
New York,2024-12-02,4.0,-3.2,0.0
New York,2024-12-03,5.2,-2.3,0.0
New York,2024-12-04,2.8,-3.3,0.0
New York,2024-12-05,4.6,1.2,3.6
New York,2024-12-06,0.5,-2.1,0.0
New York,2024-12-07,4.7,-2.7,0.0
New York,2024-12-08,11.4,1.5,0.0
New York,2024-12-09,10.5,1.1,7.4
New York,2024-12-10,10.7,5.7,0.0
New York,2024-12-11,16.1,9.7,27.8
New York,2024-12-12,14.4,-0.8,8.7
New York,2024-12-13,0.3,-4.0,0.0
New York,2024-12-14,0.6,-5.6,0.0
New York,2024-12-15,3.1,-5.0,0.0
New York,2024-12-16,9.5,0.8,15.5
New York,2024-12-17,14.7,8.5,4.7
New York,2024-12-18,10.0,1.5,0.1
New York,2024-12-19,8.7,2.9,5.0
New York,2024-12-20,2.5,-0.8,1.2
New York,2024-12-21,1.2,-4.8,4.6
New York,2024-12-22,-5.4,-10.8,0.0
New York,2024-12-23,-6.0,-14.9,0.0
New York,2024-12-24,1.4,-8.2,1.9
New York,2024-12-25,1.5,-6.3,0.0
New York,2024-12-26,-0.3,-8.2,0.0
New York,2024-12-27,2.0,-9.4,0.0
New York,2024-12-28,7.3,-0.7,5.4
New York,2024-12-29,16.1,4.4,2.9
New York,2024-12-30,13.0,8.9,5.8
New York,2024-12-31,9.7,1.5,0.0
London,2024-01-01,10.9,5.9,10.5
London,2024-01-02,12.9,8.4,7.4
London,2024-01-03,10.4,6.3,2.3
London,2024-01-04,8.3,5.0,30.3
London,2024-01-05,7.1,4.4,2.1
London,2024-01-06,6.4,3.8,0.1
London,2024-01-07,4.7,1.5,0.0
London,2024-01-08,3.3,0.8,0.7
London,2024-01-09,4.0,0.7,0.0
London,2024-01-10,4.8,0.5,0.0
London,2024-01-11,5.5,-0.9,0.0
London,2024-01-12,6.8,3.9,0.0
London,2024-01-13,4.3,1.5,0.0
London,2024-01-14,5.7,1.6,1.6
London,2024-01-15,2.5,-4.0,0.0
London,2024-01-16,3.8,-4.5,0.0
London,2024-01-17,2.4,-3.2,0.0
London,2024-01-18,2.5,-5.1,0.0
London,2024-01-19,4.8,-3.8,0.0
London,2024-01-20,5.2,-1.0,0.0
London,2024-01-21,11.8,4.2,2.2
London,2024-01-22,12.4,6.5,5.1
London,2024-01-23,13.0,4.1,2.9
London,2024-01-24,12.3,5.8,0.1
London,2024-01-25,11.8,3.6,0.1
London,2024-01-26,12.1,2.2,1.6
London,2024-01-27,8.5,-0.4,0.0
London,2024-01-28,10.8,1.4,0.0
London,2024-01-29,12.9,8.4,0.0
London,2024-01-30,12.0,4.9,0.0
London,2024-01-31,11.0,3.2,0.5
London,2024-02-01,10.8,2.3,0.1
London,2024-02-02,12.6,3.0,0.0
London,2024-02-03,12.8,10.3,0.7
London,2024-02-04,13.3,9.0,0.1
London,2024-02-05,11.5,7.3,0.0
London,2024-02-06,13.3,10.5,8.1
London,2024-02-07,9.6,3.8,10.0
London,2024-02-08,12.2,2.9,16.5
London,2024-02-09,12.6,9.3,7.8
London,2024-02-10,11.4,7.1,2.1
London,2024-02-11,10.5,4.1,7.3
London,2024-02-12,9.1,2.0,0.0
London,2024-02-13,11.4,4.1,2.6
London,2024-02-14,13.9,10.7,2.6
London,2024-02-15,16.6,10.5,0.7
London,2024-02-16,12.9,6.6,2.0
London,2024-02-17,13.3,5.6,1.7
London,2024-02-18,14.8,7.7,12.2
London,2024-02-19,13.2,6.2,2.2
London,2024-02-20,11.9,5.5,0.1
London,2024-02-21,11.9,8.8,3.5
London,2024-02-22,11.6,3.2,11.5
London,2024-02-23,8.5,1.6,2.0
London,2024-02-24,8.1,-1.6,1.6
London,2024-02-25,8.9,-0.2,3.6
London,2024-02-26,8.6,3.3,0.7
London,2024-02-27,7.6,1.8,0.5
London,2024-02-28,10.8,5.5,1.3
London,2024-02-29,10.9,5.5,8.3
London,2024-03-01,8.4,3.2,6.6
London,2024-03-02,8.0,1.2,2.2
London,2024-03-03,9.0,-1.0,0.0
London,2024-03-04,11.2,-0.8,1.1
London,2024-03-05,10.6,3.8,1.8
London,2024-03-06,10.5,2.2,0.0
London,2024-03-07,10.5,2.9,0.3
London,2024-03-08,9.6,3.7,0.0
London,2024-03-09,12.8,6.4,0.4
London,2024-03-10,9.1,7.1,8.6
London,2024-03-11,10.4,6.6,1.9
London,2024-03-12,13.5,6.4,13.3
London,2024-03-13,13.1,10.1,0.5
London,2024-03-14,16.3,8.3,1.2
London,2024-03-15,14.3,9.3,1.3
London,2024-03-16,13.3,5.1,1.3
London,2024-03-17,15.3,9.3,6.4
London,2024-03-18,14.6,7.6,0.2
London,2024-03-19,12.4,9.8,0.2
London,2024-03-20,16.2,9.6,0.8
London,2024-03-21,14.5,5.9,0.0
London,2024-03-22,11.7,5.1,0.4
London,2024-03-23,9.7,3.3,1.7
London,2024-03-24,11.4,4.0,0.0
London,2024-03-25,11.6,3.2,0.9
London,2024-03-26,13.7,6.2,11.9
London,2024-03-27,11.0,5.0,2.9
London,2024-03-28,10.4,4.5,10.2
London,2024-03-29,13.0,6.6,5.0
London,2024-03-30,14.1,3.7,0.0
London,2024-03-31,12.0,5.1,2.0
London,2024-04-01,13.5,6.7,4.3
London,2024-04-02,14.2,8.0,4.3
London,2024-04-03,14.0,9.6,0.7
London,2024-04-04,14.9,9.4,3.6
London,2024-04-05,16.6,11.9,5.4
London,2024-04-06,19.4,13.2,0.1
London,2024-04-07,15.4,9.7,0.0
London,2024-04-08,17.0,8.6,1.7
London,2024-04-09,11.7,6.5,0.5
London,2024-04-10,12.9,4.5,1.7
London,2024-04-11,18.4,12.2,0.4
London,2024-04-12,19.4,9.8,0.0
London,2024-04-13,18.7,9.9,0.0
London,2024-04-14,13.8,7.0,0.0
London,2024-04-15,11.5,6.6,4.6
London,2024-04-16,13.0,4.8,4.6
London,2024-04-17,11.2,4.3,0.5
London,2024-04-18,12.7,3.2,1.1
London,2024-04-19,13.6,7.4,1.0
London,2024-04-20,10.2,3.2,0.2
London,2024-04-21,10.6,3.7,0.0
London,2024-04-22,8.2,3.0,1.0
London,2024-04-23,10.9,4.7,1.5
London,2024-04-24,9.2,2.4,0.0
London,2024-04-25,12.0,1.3,4.2
London,2024-04-26,11.9,2.0,0.0
London,2024-04-27,12.2,6.6,9.2
London,2024-04-28,11.4,6.2,12.3
London,2024-04-29,14.7,5.8,0.3
London,2024-04-30,17.4,7.3,0.4
London,2024-05-01,19.2,8.0,0.1
London,2024-05-02,19.6,10.5,3.3
London,2024-05-03,12.7,8.5,8.2
London,2024-05-04,15.4,6.8,2.7
London,2024-05-05,16.5,6.1,0.3
London,2024-05-06,15.2,7.8,9.9
London,2024-05-07,19.1,8.7,0.3
London,2024-05-08,19.5,8.0,0.0
London,2024-05-09,21.9,9.2,0.0
London,2024-05-10,22.1,10.0,0.0
London,2024-05-11,21.0,9.3,0.0
London,2024-05-12,24.8,12.0,0.0
London,2024-05-13,18.1,10.9,0.3
London,2024-05-14,16.9,13.4,6.7
London,2024-05-15,19.5,10.7,0.5
London,2024-05-16,17.3,9.5,2.1
London,2024-05-17,19.8,9.1,0.2
London,2024-05-18,19.3,11.3,1.6
London,2024-05-19,21.4,8.6,0.2
London,2024-05-20,20.1,8.8,0.1
London,2024-05-21,16.0,9.8,9.8
London,2024-05-22,15.1,12.4,12.9
London,2024-05-23,17.5,10.6,0.0
London,2024-05-24,17.5,7.3,0.0
London,2024-05-25,19.9,8.9,0.1
London,2024-05-26,18.5,11.5,5.4
London,2024-05-27,16.6,9.5,0.8
London,2024-05-28,18.4,9.7,4.0
London,2024-05-29,19.2,11.9,0.5
London,2024-05-30,17.5,11.1,3.4
London,2024-05-31,15.4,11.2,1.1
London,2024-06-01,16.5,8.9,0.0
London,2024-06-02,21.6,7.9,0.0
London,2024-06-03,19.6,10.5,0.3
London,2024-06-04,19.6,12.3,3.7
London,2024-06-05,15.5,6.3,0.0
London,2024-06-06,16.7,8.6,0.1
London,2024-06-07,18.1,7.4,0.1
London,2024-06-08,17.7,9.6,0.6
London,2024-06-09,16.9,6.3,0.0
London,2024-06-10,14.6,8.1,8.0
London,2024-06-11,15.2,6.6,2.0
London,2024-06-12,15.9,7.5,1.0
London,2024-06-13,15.9,7.1,1.6
London,2024-06-14,18.1,11.5,2.5
London,2024-06-15,17.3,9.6,2.5
London,2024-06-16,19.8,10.6,0.1
London,2024-06-17,20.7,9.9,0.0
London,2024-06-18,21.0,11.5,0.3
London,2024-06-19,19.7,11.0,0.0
London,2024-06-20,21.2,8.1,0.0
London,2024-06-21,23.0,10.3,0.1
London,2024-06-22,21.8,13.6,1.6
London,2024-06-23,23.0,10.7,0.0
London,2024-06-24,26.3,14.0,0.0
London,2024-06-25,28.0,12.9,0.0
London,2024-06-26,27.9,14.3,0.0
London,2024-06-27,23.2,14.4,0.0
London,2024-06-28,21.6,12.1,0.0
London,2024-06-29,22.8,10.2,0.0
London,2024-06-30,19.9,14.9,0.3
London,2024-07-01,19.4,12.7,0.1
London,2024-07-02,17.6,12.7,0.1
London,2024-07-03,18.5,12.7,1.6
London,2024-07-04,19.7,12.3,0.4
London,2024-07-05,21.0,13.4,23.1
London,2024-07-06,16.7,10.7,9.2
London,2024-07-07,17.6,10.1,12.3
London,2024-07-08,18.5,8.9,7.1
London,2024-07-09,19.9,15.0,15.8
London,2024-07-10,20.5,14.1,0.2
London,2024-07-11,21.4,11.7,0.3
London,2024-07-12,17.7,12.9,0.0
London,2024-07-13,18.4,11.0,0.6
London,2024-07-14,20.9,10.1,0.1
London,2024-07-15,21.5,10.9,7.3
London,2024-07-16,20.8,13.9,1.1
London,2024-07-17,22.4,11.7,0.0
London,2024-07-18,26.3,12.1,0.0
London,2024-07-19,29.5,14.5,0.0
London,2024-07-20,24.0,15.7,0.1
London,2024-07-21,21.9,15.4,0.0
London,2024-07-22,23.3,12.8,0.4
London,2024-07-23,23.1,16.2,2.1
London,2024-07-24,23.4,13.9,0.5
London,2024-07-25,20.3,15.8,2.3
London,2024-07-26,21.9,13.0,0.0
London,2024-07-27,22.1,12.7,0.0
London,2024-07-28,24.7,11.4,0.0
London,2024-07-29,27.0,12.9,0.0
London,2024-07-30,29.2,15.1,0.0
London,2024-07-31,26.5,17.7,0.4
London,2024-08-01,27.1,17.2,7.6
London,2024-08-02,26.1,16.8,1.5
London,2024-08-03,24.0,15.6,0.8
London,2024-08-04,22.4,12.4,0.0
London,2024-08-05,24.6,13.7,0.0
London,2024-08-06,21.9,14.9,2.2
London,2024-08-07,21.6,11.6,0.0
London,2024-08-08,21.0,12.4,0.1
London,2024-08-09,24.1,15.4,0.0
London,2024-08-10,23.6,14.0,0.0
London,2024-08-11,27.2,15.3,0.0
London,2024-08-12,31.3,18.3,0.0
London,2024-08-13,25.5,13.7,0.0
London,2024-08-14,24.1,16.5,0.6
London,2024-08-15,23.1,13.4,0.1
London,2024-08-16,23.4,14.4,1.2
London,2024-08-17,22.2,11.3,0.0
London,2024-08-18,25.0,12.3,0.0
London,2024-08-19,21.3,11.2,1.7
London,2024-08-20,22.4,14.1,0.3
London,2024-08-21,20.0,11.4,0.1
London,2024-08-22,19.8,15.3,0.7
London,2024-08-23,21.9,15.0,0.9
London,2024-08-24,17.6,12.1,11.4
London,2024-08-25,19.6,10.0,0.0
London,2024-08-26,22.1,13.9,0.0
London,2024-08-27,23.8,14.3,0.0
London,2024-08-28,27.1,12.6,0.0
London,2024-08-29,21.8,12.4,0.0
London,2024-08-30,22.1,10.8,0.0
London,2024-08-31,20.8,13.1,0.0
London,2024-09-01,26.8,16.0,0.0
London,2024-09-02,23.0,17.5,1.4
London,2024-09-03,21.8,14.7,2.9
London,2024-09-04,19.0,13.5,0.6
London,2024-09-05,21.3,13.7,9.2
London,2024-09-06,23.0,14.6,9.4
London,2024-09-07,21.0,12.7,6.2
London,2024-09-08,19.5,13.7,8.8
London,2024-09-09,17.6,11.6,0.0
London,2024-09-10,18.4,10.2,2.2
London,2024-09-11,15.5,8.0,3.9
London,2024-09-12,14.3,6.4,2.6
London,2024-09-13,15.8,5.6,0.0
London,2024-09-14,18.7,4.7,0.0
London,2024-09-15,19.2,8.0,1.5
London,2024-09-16,19.8,10.9,0.0
London,2024-09-17,20.5,9.7,0.0
London,2024-09-18,23.0,12.9,0.0
London,2024-09-19,24.0,14.5,0.1
London,2024-09-20,22.3,13.5,4.3
London,2024-09-21,23.0,14.9,0.6
London,2024-09-22,20.5,15.0,18.8
London,2024-09-23,18.0,14.5,51.6
London,2024-09-24,16.4,11.8,2.4
London,2024-09-25,17.0,10.6,10.0
London,2024-09-26,16.2,11.3,13.1
London,2024-09-27,12.8,6.9,2.9
London,2024-09-28,13.6,4.4,0.0
London,2024-09-29,14.6,6.1,5.1
London,2024-09-30,16.1,11.9,11.7
London,2024-10-01,14.3,10.6,12.7
London,2024-10-02,17.1,10.8,1.0
London,2024-10-03,15.4,7.3,0.0
London,2024-10-04,16.0,5.7,0.0
London,2024-10-05,16.7,6.1,0.0
London,2024-10-06,15.5,11.7,4.0
London,2024-10-07,17.4,11.5,10.7
London,2024-10-08,17.1,12.1,3.9
London,2024-10-09,16.4,12.5,2.1
London,2024-10-10,12.3,3.7,3.3
London,2024-10-11,12.0,1.9,0.0
London,2024-10-12,14.8,7.6,3.4
London,2024-10-13,10.7,4.8,0.0
London,2024-10-14,13.1,7.8,14.1
London,2024-10-15,16.8,9.8,0.2
London,2024-10-16,21.4,14.4,7.6
London,2024-10-17,17.4,9.3,1.3
London,2024-10-18,16.2,8.2,0.8
London,2024-10-19,16.4,9.9,7.1
London,2024-10-20,17.4,10.9,3.6
London,2024-10-21,14.2,9.6,1.7
London,2024-10-22,15.8,8.2,0.2
London,2024-10-23,16.2,7.9,0.2
London,2024-10-24,16.7,9.6,0.0
London,2024-10-25,17.6,10.3,4.2
London,2024-10-26,16.0,8.4,0.0
London,2024-10-27,14.2,6.0,0.1
London,2024-10-28,15.8,11.1,0.4
London,2024-10-29,15.6,11.3,0.6
London,2024-10-30,14.4,7.4,0.0
London,2024-10-31,14.2,6.5,0.0
London,2024-11-01,12.7,7.2,0.0
London,2024-11-02,14.4,10.3,0.1
London,2024-11-03,13.6,10.8,0.0
London,2024-11-04,12.7,9.4,0.0
London,2024-11-05,13.2,9.3,0.0
London,2024-11-06,12.3,9.6,0.0
London,2024-11-07,12.6,9.8,0.0
London,2024-11-08,10.0,7.6,0.2
London,2024-11-09,9.2,6.3,0.0
London,2024-11-10,11.3,4.2,0.0
London,2024-11-11,11.3,5.8,0.0
London,2024-11-12,12.2,5.7,0.0
London,2024-11-13,11.2,6.6,0.0
London,2024-11-14,11.5,7.3,0.5
London,2024-11-15,9.8,5.8,0.0
London,2024-11-16,10.6,3.9,0.6
London,2024-11-17,9.8,6.9,0.5
London,2024-11-18,8.6,5.3,10.8
London,2024-11-19,11.1,1.1,9.5
London,2024-11-20,4.8,-0.2,0.0
London,2024-11-21,3.0,-0.5,0.0
London,2024-11-22,6.3,0.8,1.5
London,2024-11-23,14.3,1.2,11.6
London,2024-11-24,17.3,12.1,7.4
London,2024-11-25,11.5,6.9,1.4
London,2024-11-26,9.3,5.3,0.6
London,2024-11-27,8.3,2.6,18.0
London,2024-11-28,4.7,0.5,0.0
London,2024-11-29,9.5,3.3,0.0
London,2024-11-30,13.7,8.1,0.0
London,2024-12-01,13.2,10.7,2.2
London,2024-12-02,11.2,7.6,0.4
London,2024-12-03,7.1,4.1,0.0
London,2024-12-04,9.4,2.6,0.8
London,2024-12-05,14.1,9.1,8.4
London,2024-12-06,11.6,6.4,0.6
London,2024-12-07,12.5,6.1,5.9
London,2024-12-08,7.7,6.6,8.1
London,2024-12-09,7.8,7.0,0.2
London,2024-12-10,7.0,6.1,0.0
London,2024-12-11,6.7,5.9,0.1
London,2024-12-12,7.2,5.3,0.3
London,2024-12-13,6.6,3.8,0.0
London,2024-12-14,7.7,4.1,0.3
London,2024-12-15,11.6,4.9,0.0
London,2024-12-16,11.1,7.7,0.2
London,2024-12-17,10.6,5.2,0.0
London,2024-12-18,13.9,10.7,3.8
London,2024-12-19,12.3,4.4,3.0
London,2024-12-20,8.3,2.5,0.7
London,2024-12-21,12.3,4.7,2.3
London,2024-12-22,7.4,4.3,1.8
London,2024-12-23,6.1,4.1,1.7
London,2024-12-24,12.2,6.4,0.0
London,2024-12-25,10.1,8.8,0.0
London,2024-12-26,8.7,6.8,0.0
London,2024-12-27,7.8,6.1,0.0
London,2024-12-28,6.4,4.8,0.0
London,2024-12-29,7.2,4.8,0.0
London,2024-12-30,8.9,6.6,0.0
London,2024-12-31,11.1,7.5,0.0
Tokyo,2024-01-01,10.7,-0.2,0.0
Tokyo,2024-01-02,7.8,1.0,0.5
Tokyo,2024-01-03,11.8,4.8,0.9
Tokyo,2024-01-04,13.1,-0.1,0.1
Tokyo,2024-01-05,11.7,0.4,0.0
Tokyo,2024-01-06,14.1,2.7,0.0
Tokyo,2024-01-07,10.8,0.7,0.3
Tokyo,2024-01-08,9.4,-3.1,0.0
Tokyo,2024-01-09,8.8,-1.3,0.0
Tokyo,2024-01-10,12.6,0.3,0.0
Tokyo,2024-01-11,8.6,-3.2,0.0
Tokyo,2024-01-12,13.7,1.9,0.0
Tokyo,2024-01-13,11.3,-2.3,1.3
Tokyo,2024-01-14,11.9,0.3,0.0
Tokyo,2024-01-15,9.7,-2.5,0.0
Tokyo,2024-01-16,7.6,-1.5,0.0
Tokyo,2024-01-17,11.5,0.9,0.0
Tokyo,2024-01-18,12.8,5.1,0.0
Tokyo,2024-01-19,14.7,5.2,0.0
Tokyo,2024-01-20,6.1,4.8,25.5
Tokyo,2024-01-21,13.4,5.3,7.7
Tokyo,2024-01-22,14.2,4.8,0.7
Tokyo,2024-01-23,11.9,-0.6,0.9
Tokyo,2024-01-24,7.0,-3.8,0.1
Tokyo,2024-01-25,8.1,-4.7,0.0
Tokyo,2024-01-26,10.3,0.8,0.0
Tokyo,2024-01-27,10.4,0.5,0.0
Tokyo,2024-01-28,9.8,0.5,0.0
Tokyo,2024-01-29,10.3,0.5,0.0
Tokyo,2024-01-30,12.3,-0.1,0.0
Tokyo,2024-01-31,12.9,5.0,5.8
Tokyo,2024-02-01,14.5,1.2,0.0
Tokyo,2024-02-02,5.6,0.9,0.0
Tokyo,2024-02-03,10.5,1.7,2.5
Tokyo,2024-02-04,6.4,0.7,0.5
Tokyo,2024-02-05,3.7,0.4,30.7
Tokyo,2024-02-06,5.0,-1.3,2.2
Tokyo,2024-02-07,8.8,-0.7,0.0
Tokyo,2024-02-08,10.3,0.4,0.0
Tokyo,2024-02-09,10.2,-0.7,0.0
Tokyo,2024-02-10,10.8,2.4,0.0
Tokyo,2024-02-11,10.7,0.8,1.2
Tokyo,2024-02-12,11.7,-2.0,0.0
Tokyo,2024-02-13,16.0,1.6,0.0
Tokyo,2024-02-14,16.8,3.5,0.0
Tokyo,2024-02-15,20.3,6.0,0.2
Tokyo,2024-02-16,12.9,3.2,0.0
Tokyo,2024-02-17,14.3,6.6,0.0
Tokyo,2024-02-18,18.6,10.3,0.1
Tokyo,2024-02-19,18.9,14.6,8.3
Tokyo,2024-02-20,23.5,8.8,1.7
Tokyo,2024-02-21,8.8,6.3,8.2
Tokyo,2024-02-22,8.1,2.4,5.6
Tokyo,2024-02-23,3.6,-0.5,2.5
Tokyo,2024-02-24,9.1,0.4,0.1
Tokyo,2024-02-25,6.1,2.6,10.9
Tokyo,2024-02-26,10.6,3.0,0.0
Tokyo,2024-02-27,8.5,2.8,0.0
Tokyo,2024-02-28,11.9,-0.6,0.0
Tokyo,2024-02-29,10.9,3.4,20.2
Tokyo,2024-03-01,14.1,2.0,0.6
Tokyo,2024-03-02,7.0,-1.7,0.0
Tokyo,2024-03-03,11.9,-1.0,0.0
Tokyo,2024-03-04,12.6,1.3,0.0
Tokyo,2024-03-05,8.1,1.0,31.6
Tokyo,2024-03-06,9.6,2.8,1.6
Tokyo,2024-03-07,8.8,1.3,13.9
Tokyo,2024-03-08,8.4,-0.4,1.8
Tokyo,2024-03-09,9.8,-0.2,0.0
Tokyo,2024-03-10,11.6,-1.5,0.0
Tokyo,2024-03-11,12.0,4.8,0.0
Tokyo,2024-03-12,10.7,5.6,38.6
Tokyo,2024-03-13,12.4,1.4,0.2
Tokyo,2024-03-14,13.5,2.2,0.0
Tokyo,2024-03-15,15.4,8.1,0.0
Tokyo,2024-03-16,19.5,6.3,0.0
Tokyo,2024-03-17,20.3,4.9,0.0
Tokyo,2024-03-18,12.2,3.0,0.0
Tokyo,2024-03-19,11.4,1.8,0.0
Tokyo,2024-03-20,12.4,1.9,4.4
Tokyo,2024-03-21,9.4,-0.9,0.0
Tokyo,2024-03-22,11.3,0.6,0.0
Tokyo,2024-03-23,8.1,2.1,3.2
Tokyo,2024-03-24,15.1,10.2,4.8
Tokyo,2024-03-25,12.9,10.1,3.5
Tokyo,2024-03-26,12.0,5.3,33.8
Tokyo,2024-03-27,15.2,4.2,0.0
Tokyo,2024-03-28,15.3,8.1,30.7
Tokyo,2024-03-29,21.1,9.9,18.2
Tokyo,2024-03-30,22.6,9.8,0.0
Tokyo,2024-03-31,25.9,11.3,4.2
Tokyo,2024-04-01,17.1,6.3,0.3
Tokyo,2024-04-02,17.7,9.1,0.0
Tokyo,2024-04-03,15.9,11.4,21.2
Tokyo,2024-04-04,17.8,10.3,3.1
Tokyo,2024-04-05,11.7,8.5,0.8
Tokyo,2024-04-06,16.3,10.3,1.4
Tokyo,2024-04-07,20.7,12.6,0.0
Tokyo,2024-04-08,21.8,15.7,21.3
Tokyo,2024-04-09,20.1,5.2,26.1
Tokyo,2024-04-10,15.3,5.1,0.0
Tokyo,2024-04-11,18.4,9.8,0.0
Tokyo,2024-04-12,17.7,9.8,1.4
Tokyo,2024-04-13,20.9,10.1,0.0
Tokyo,2024-04-14,22.6,11.2,0.0
Tokyo,2024-04-15,24.1,14.5,0.0
Tokyo,2024-04-16,21.4,15.1,0.0
Tokyo,2024-04-17,22.6,13.1,1.7
Tokyo,2024-04-18,20.9,13.0,3.4
Tokyo,2024-04-19,21.5,10.5,0.0
Tokyo,2024-04-20,24.0,13.2,0.3
Tokyo,2024-04-21,22.9,14.6,15.2
Tokyo,2024-04-22,19.4,13.5,1.6
Tokyo,2024-04-23,19.6,14.3,4.4
Tokyo,2024-04-24,18.3,13.4,8.4
Tokyo,2024-04-25,23.9,12.3,0.0
Tokyo,2024-04-26,25.4,17.4,0.6
Tokyo,2024-04-27,22.5,13.8,0.2
Tokyo,2024-04-28,26.9,15.6,0.0
Tokyo,2024-04-29,24.9,17.3,0.1
Tokyo,2024-04-30,24.6,18.9,7.5
Tokyo,2024-05-01,19.0,11.3,37.3
Tokyo,2024-05-02,19.9,9.3,0.0
Tokyo,2024-05-03,21.9,12.6,0.0
Tokyo,2024-05-04,26.5,12.9,0.0
Tokyo,2024-05-05,26.3,17.5,0.0
Tokyo,2024-05-06,22.3,18.8,6.1
Tokyo,2024-05-07,21.6,16.1,10.2
Tokyo,2024-05-08,23.3,10.6,20.9
Tokyo,2024-05-09,17.4,6.5,0.0
Tokyo,2024-05-10,22.1,10.8,0.0
Tokyo,2024-05-11,24.0,16.6,0.0
Tokyo,2024-05-12,23.6,18.6,24.9
Tokyo,2024-05-13,22.3,13.7,21.5
Tokyo,2024-05-14,20.6,12.4,0.0
Tokyo,2024-05-15,24.1,15.3,7.0
Tokyo,2024-05-16,24.3,11.3,0.0
Tokyo,2024-05-17,24.8,13.4,0.0
Tokyo,2024-05-18,26.6,14.9,0.0
Tokyo,2024-05-19,22.1,15.1,30.5
Tokyo,2024-05-20,23.4,15.7,1.6
Tokyo,2024-05-21,27.3,17.0,9.2
Tokyo,2024-05-22,23.9,16.8,0.0
Tokyo,2024-05-23,24.3,16.5,0.0
Tokyo,2024-05-24,27.7,16.9,0.0
Tokyo,2024-05-25,25.2,16.8,0.0
Tokyo,2024-05-26,24.6,19.0,0.0
Tokyo,2024-05-27,24.8,21.3,2.3
Tokyo,2024-05-28,26.1,18.6,31.5
Tokyo,2024-05-29,25.2,16.9,0.1
Tokyo,2024-05-30,26.6,16.6,28.6
Tokyo,2024-05-31,20.2,16.9,8.8
Tokyo,2024-06-01,24.8,17.0,4.7
Tokyo,2024-06-02,23.4,15.7,24.5
Tokyo,2024-06-03,23.8,15.3,12.8
Tokyo,2024-06-04,23.6,15.0,0.9
Tokyo,2024-06-05,25.7,17.0,0.0
Tokyo,2024-06-06,25.1,18.2,0.9
Tokyo,2024-06-07,25.2,15.5,0.2
Tokyo,2024-06-08,26.8,19.4,0.4
Tokyo,2024-06-09,25.6,19.1,12.8
Tokyo,2024-06-10,24.6,18.8,0.5
Tokyo,2024-06-11,27.2,18.2,0.0
Tokyo,2024-06-12,28.1,19.4,0.1
Tokyo,2024-06-13,25.3,18.7,0.0
Tokyo,2024-06-14,30.1,19.2,0.0
Tokyo,2024-06-15,28.7,21.3,12.6
Tokyo,2024-06-16,27.0,21.8,2.7
Tokyo,2024-06-17,29.7,19.0,27.9
Tokyo,2024-06-18,22.3,15.9,68.7
Tokyo,2024-06-19,28.5,18.2,0.0
Tokyo,2024-06-20,28.0,21.2,0.2
Tokyo,2024-06-21,24.1,15.7,36.7
Tokyo,2024-06-22,27.9,21.5,7.0
Tokyo,2024-06-23,24.5,20.8,7.0
Tokyo,2024-06-24,31.1,22.9,0.0
Tokyo,2024-06-25,31.1,22.7,0.4
Tokyo,2024-06-26,30.6,22.0,0.2
Tokyo,2024-06-27,28.2,21.7,5.4
Tokyo,2024-06-28,23.1,20.6,59.1
Tokyo,2024-06-29,28.0,22.0,0.0
Tokyo,2024-06-30,28.3,25.3,4.4
Tokyo,2024-07-01,28.2,23.3,9.4
Tokyo,2024-07-02,31.4,22.8,1.4
Tokyo,2024-07-03,31.4,23.5,0.0
Tokyo,2024-07-04,33.2,24.5,0.0
Tokyo,2024-07-05,33.7,24.5,0.0
Tokyo,2024-07-06,33.7,24.5,1.1
Tokyo,2024-07-07,32.9,25.2,0.0
Tokyo,2024-07-08,35.3,25.0,0.0
Tokyo,2024-07-09,33.7,24.8,0.0
Tokyo,2024-07-10,32.4,26.4,1.9
Tokyo,2024-07-11,29.5,23.6,3.0
Tokyo,2024-07-12,26.1,21.4,15.9
Tokyo,2024-07-13,30.3,23.9,6.9
Tokyo,2024-07-14,29.2,23.5,10.4
Tokyo,2024-07-15,27.0,21.3,2.1
Tokyo,2024-07-16,26.4,22.1,22.0
Tokyo,2024-07-17,30.1,23.2,2.2
Tokyo,2024-07-18,31.1,24.1,0.0
Tokyo,2024-07-19,32.5,25.7,0.0
Tokyo,2024-07-20,35.2,24.4,33.2
Tokyo,2024-07-21,32.2,25.2,0.0
Tokyo,2024-07-22,35.1,25.0,0.1
Tokyo,2024-07-23,33.4,25.5,0.0
Tokyo,2024-07-24,34.9,26.9,0.0
Tokyo,2024-07-25,34.1,25.8,0.2
Tokyo,2024-07-26,35.0,26.2,1.2
Tokyo,2024-07-27,35.7,26.2,0.1
Tokyo,2024-07-28,37.5,28.2,1.1
Tokyo,2024-07-29,38.3,28.4,0.0
Tokyo,2024-07-30,38.8,27.0,2.6
Tokyo,2024-07-31,36.4,25.0,0.9
Tokyo,2024-08-01,34.7,24.7,0.0
Tokyo,2024-08-02,35.9,25.3,0.0
Tokyo,2024-08-03,36.5,26.0,0.0
Tokyo,2024-08-04,37.7,26.9,0.0
Tokyo,2024-08-05,37.1,26.7,2.0
Tokyo,2024-08-06,35.0,26.3,3.6
Tokyo,2024-08-07,32.5,24.7,17.7
Tokyo,2024-08-08,32.4,24.9,2.2
Tokyo,2024-08-09,33.7,25.2,2.5
Tokyo,2024-08-10,34.0,25.7,1.8
Tokyo,2024-08-11,35.8,27.1,0.0
Tokyo,2024-08-12,36.3,27.0,0.0
Tokyo,2024-08-13,37.2,26.6,0.0
Tokyo,2024-08-14,36.6,25.5,0.5
Tokyo,2024-08-15,36.8,24.8,28.7
Tokyo,2024-08-16,32.1,25.8,30.1
Tokyo,2024-08-17,34.7,25.5,0.4
Tokyo,2024-08-18,32.6,25.4,0.8
Tokyo,2024-08-19,32.9,25.2,7.7
Tokyo,2024-08-20,33.4,24.7,0.0
Tokyo,2024-08-21,31.9,25.4,1.6
Tokyo,2024-08-22,30.5,26.4,1.2
Tokyo,2024-08-23,31.9,26.0,4.5
Tokyo,2024-08-24,33.0,25.2,2.7
Tokyo,2024-08-25,32.3,26.0,0.1
Tokyo,2024-08-26,32.3,25.0,0.2
Tokyo,2024-08-27,31.5,25.6,1.0
Tokyo,2024-08-28,30.4,25.0,0.2
Tokyo,2024-08-29,30.5,24.5,58.5
Tokyo,2024-08-30,28.0,25.4,10.4
Tokyo,2024-08-31,30.0,24.5,42.7
Tokyo,2024-09-01,29.8,26.3,1.9
Tokyo,2024-09-02,31.3,23.6,4.3
Tokyo,2024-09-03,26.6,21.9,29.9
Tokyo,2024-09-04,28.1,21.9,0.0
Tokyo,2024-09-05,29.7,23.0,0.0
Tokyo,2024-09-06,31.7,24.0,0.0
Tokyo,2024-09-07,31.4,23.9,0.1
Tokyo,2024-09-08,32.3,23.3,1.4
Tokyo,2024-09-09,32.0,23.2,4.2
Tokyo,2024-09-10,31.8,24.1,0.0
Tokyo,2024-09-11,32.2,24.7,0.4
Tokyo,2024-09-12,32.4,25.4,0.1
Tokyo,2024-09-13,32.5,24.9,0.0
Tokyo,2024-09-14,33.2,26.3,0.0
Tokyo,2024-09-15,33.7,24.4,43.5
Tokyo,2024-09-16,30.6,22.7,0.7
Tokyo,2024-09-17,32.7,25.5,0.6
Tokyo,2024-09-18,35.3,25.4,4.7
Tokyo,2024-09-19,32.5,25.4,0.2
Tokyo,2024-09-20,33.4,26.4,0.0
Tokyo,2024-09-21,31.8,22.7,1.1
Tokyo,2024-09-22,28.8,22.0,3.5
Tokyo,2024-09-23,26.3,16.7,0.0
Tokyo,2024-09-24,24.0,16.1,0.1
Tokyo,2024-09-25,23.3,20.6,0.2
Tokyo,2024-09-26,28.1,21.4,0.1
Tokyo,2024-09-27,24.9,22.0,17.2
Tokyo,2024-09-28,27.1,21.0,0.3
Tokyo,2024-09-29,25.1,19.4,1.2
Tokyo,2024-09-30,25.3,18.7,0.2
Tokyo,2024-10-01,27.1,20.3,0.2
Tokyo,2024-10-02,31.2,22.0,3.1
Tokyo,2024-10-03,26.9,22.2,5.9
Tokyo,2024-10-04,28.6,21.8,0.8
Tokyo,2024-10-05,22.6,19.6,21.5
Tokyo,2024-10-06,25.7,19.1,0.0
Tokyo,2024-10-07,28.5,20.2,1.9
Tokyo,2024-10-08,20.1,15.7,36.5
Tokyo,2024-10-09,17.8,14.8,8.6
Tokyo,2024-10-10,20.6,12.5,0.3
Tokyo,2024-10-11,22.9,14.9,0.0
Tokyo,2024-10-12,24.0,15.7,0.0
Tokyo,2024-10-13,25.2,14.7,0.0
Tokyo,2024-10-14,24.5,16.3,0.0
Tokyo,2024-10-15,25.8,16.1,0.0
Tokyo,2024-10-16,25.8,19.3,1.0
Tokyo,2024-10-17,24.8,19.1,0.7
Tokyo,2024-10-18,24.7,20.7,4.9
Tokyo,2024-10-19,29.0,14.7,1.4
Tokyo,2024-10-20,18.6,9.3,0.0
Tokyo,2024-10-21,19.5,12.8,0.0
Tokyo,2024-10-22,23.5,17.0,0.2
Tokyo,2024-10-23,25.8,19.0,0.8
Tokyo,2024-10-24,27.0,18.3,2.6
Tokyo,2024-10-25,20.9,15.5,1.4
Tokyo,2024-10-26,21.8,15.0,0.0
Tokyo,2024-10-27,23.7,17.6,9.8
Tokyo,2024-10-28,20.8,15.4,0.9
Tokyo,2024-10-29,18.2,12.9,41.8
Tokyo,2024-10-30,22.4,11.3,0.6
Tokyo,2024-10-31,20.1,10.6,0.0
Tokyo,2024-11-01,21.4,14.8,21.8
Tokyo,2024-11-02,17.7,15.0,42.2
Tokyo,2024-11-03,20.5,9.3,0.0
Tokyo,2024-11-04,22.4,11.5,0.0
Tokyo,2024-11-05,19.4,12.2,0.0
Tokyo,2024-11-06,15.0,9.7,1.6
Tokyo,2024-11-07,15.2,6.4,0.0
Tokyo,2024-11-08,14.8,5.2,0.0
Tokyo,2024-11-09,16.3,8.9,0.0
Tokyo,2024-11-10,17.2,11.4,6.1
Tokyo,2024-11-11,21.4,10.4,0.2
Tokyo,2024-11-12,20.0,13.9,0.0
Tokyo,2024-11-13,19.0,11.8,0.0
Tokyo,2024-11-14,18.2,13.9,8.5
Tokyo,2024-11-15,18.7,13.4,0.1
Tokyo,2024-11-16,18.8,14.5,0.9
Tokyo,2024-11-17,22.4,12.6,1.1
Tokyo,2024-11-18,13.0,6.4,1.5
Tokyo,2024-11-19,11.2,5.0,0.2
Tokyo,2024-11-20,9.8,5.8,8.5
Tokyo,2024-11-21,12.9,6.3,0.8
Tokyo,2024-11-22,16.8,8.6,0.0
Tokyo,2024-11-23,14.6,6.8,0.0
Tokyo,2024-11-24,13.4,4.9,0.0
Tokyo,2024-11-25,12.4,3.9,0.0
Tokyo,2024-11-26,13.7,7.5,44.9
Tokyo,2024-11-27,18.6,7.4,0.0
Tokyo,2024-11-28,15.9,5.2,0.0
Tokyo,2024-11-29,14.0,4.8,0.0
Tokyo,2024-11-30,14.6,5.5,0.0
Tokyo,2024-12-01,15.1,6.5,0.0
Tokyo,2024-12-02,15.4,5.7,0.0
Tokyo,2024-12-03,15.2,7.8,0.0
Tokyo,2024-12-04,15.6,7.9,1.1
Tokyo,2024-12-05,14.5,4.3,0.1
Tokyo,2024-12-06,14.9,4.6,0.0
Tokyo,2024-12-07,10.5,3.0,1.7
Tokyo,2024-12-08,11.3,3.2,0.0
Tokyo,2024-12-09,10.9,4.7,0.0
Tokyo,2024-12-10,12.5,3.6,0.0
Tokyo,2024-12-11,12.0,2.4,0.0
Tokyo,2024-12-12,9.4,0.7,0.0
Tokyo,2024-12-13,8.3,1.9,0.0
Tokyo,2024-12-14,10.6,-0.9,0.0
Tokyo,2024-12-15,10.0,1.4,0.0
Tokyo,2024-12-16,11.2,1.6,0.0
Tokyo,2024-12-17,11.9,1.7,0.0
Tokyo,2024-12-18,11.3,2.9,2.8
Tokyo,2024-12-19,7.6,1.2,0.2
Tokyo,2024-12-20,10.0,1.4,0.0
Tokyo,2024-12-21,14.3,5.8,0.0
Tokyo,2024-12-22,10.1,1.9,0.0
Tokyo,2024-12-23,10.2,1.0,0.0
Tokyo,2024-12-24,10.8,2.9,0.0
Tokyo,2024-12-25,10.1,3.0,0.0
Tokyo,2024-12-26,13.3,3.8,0.0
Tokyo,2024-12-27,10.0,-0.2,0.0
Tokyo,2024-12-28,9.5,-0.3,0.0
Tokyo,2024-12-29,11.0,2.8,0.0
Tokyo,2024-12-30,9.5,1.0,0.0
Tokyo,2024-12-31,12.8,4.2,0.0
Mumbai,2024-01-01,31.7,20.0,0.0
Mumbai,2024-01-02,31.0,19.9,0.0
Mumbai,2024-01-03,30.1,19.4,0.0
Mumbai,2024-01-04,28.9,18.7,0.0
Mumbai,2024-01-05,29.8,18.0,0.0
Mumbai,2024-01-06,31.8,19.4,0.0
Mumbai,2024-01-07,31.7,21.1,0.0
Mumbai,2024-01-08,32.9,21.5,0.0
Mumbai,2024-01-09,30.7,22.4,0.7
Mumbai,2024-01-10,30.5,21.9,1.5
Mumbai,2024-01-11,32.8,22.6,0.0
Mumbai,2024-01-12,34.2,21.5,0.0
Mumbai,2024-01-13,32.9,20.7,0.0
Mumbai,2024-01-14,32.7,21.2,0.0
Mumbai,2024-01-15,30.1,18.3,0.0
Mumbai,2024-01-16,28.4,16.6,0.0
Mumbai,2024-01-17,27.6,17.0,0.0
Mumbai,2024-01-18,27.9,17.2,0.0
Mumbai,2024-01-19,27.7,16.7,0.0
Mumbai,2024-01-20,28.4,18.2,0.0
Mumbai,2024-01-21,30.2,17.5,0.0
Mumbai,2024-01-22,29.8,17.3,0.0
Mumbai,2024-01-23,29.7,19.4,0.0
Mumbai,2024-01-24,30.6,18.5,0.0
Mumbai,2024-01-25,31.2,17.2,0.0
Mumbai,2024-01-26,32.0,17.0,0.0
Mumbai,2024-01-27,32.7,18.1,0.0
Mumbai,2024-01-28,32.7,17.5,0.0
Mumbai,2024-01-29,32.0,19.7,0.0
Mumbai,2024-01-30,31.4,19.2,0.0
Mumbai,2024-01-31,29.5,18.9,0.0
Mumbai,2024-02-01,28.2,18.9,0.0
Mumbai,2024-02-02,30.1,18.9,0.0
Mumbai,2024-02-03,34.2,20.0,0.0
Mumbai,2024-02-04,33.5,20.1,0.0
Mumbai,2024-02-05,32.2,21.2,0.0
Mumbai,2024-02-06,32.0,21.1,0.0
Mumbai,2024-02-07,32.4,21.4,0.0
Mumbai,2024-02-08,32.2,19.9,0.0
Mumbai,2024-02-09,31.1,18.6,0.0
Mumbai,2024-02-10,30.9,18.6,0.0
Mumbai,2024-02-11,31.0,17.9,0.0
Mumbai,2024-02-12,31.5,19.8,0.0
Mumbai,2024-02-13,31.8,19.8,0.0
Mumbai,2024-02-14,33.0,20.6,0.0
Mumbai,2024-02-15,32.7,19.9,0.0
Mumbai,2024-02-16,34.5,19.7,0.0
Mumbai,2024-02-17,33.5,19.7,0.0
Mumbai,2024-02-18,34.9,19.4,0.0
Mumbai,2024-02-19,32.3,20.0,0.0
Mumbai,2024-02-20,31.5,19.3,0.0
Mumbai,2024-02-21,28.8,19.9,0.1
Mumbai,2024-02-22,28.7,19.2,0.2
Mumbai,2024-02-23,30.2,18.7,0.0
Mumbai,2024-02-24,31.8,20.2,0.0
Mumbai,2024-02-25,34.3,18.8,0.0
Mumbai,2024-02-26,34.8,18.5,0.0
Mumbai,2024-02-27,34.0,20.9,0.0
Mumbai,2024-02-28,35.2,23.0,0.0
Mumbai,2024-02-29,34.4,22.5,0.0
Mumbai,2024-03-01,33.9,22.1,0.0
Mumbai,2024-03-02,30.1,22.5,0.2
Mumbai,2024-03-03,28.0,18.0,0.0
Mumbai,2024-03-04,28.4,18.0,0.0
Mumbai,2024-03-05,30.6,17.5,0.0
Mumbai,2024-03-06,31.1,18.5,0.0
Mumbai,2024-03-07,32.7,20.0,0.0
Mumbai,2024-03-08,35.1,21.3,0.0
Mumbai,2024-03-09,35.0,20.7,0.0
Mumbai,2024-03-10,32.8,21.0,0.0
Mumbai,2024-03-11,34.6,20.4,0.0
Mumbai,2024-03-12,34.9,21.9,0.0
Mumbai,2024-03-13,31.5,21.2,0.0
Mumbai,2024-03-14,31.0,20.1,0.0
Mumbai,2024-03-15,30.0,19.1,0.0
Mumbai,2024-03-16,30.4,19.0,0.0
Mumbai,2024-03-17,31.6,20.1,0.0
Mumbai,2024-03-18,31.5,21.9,0.0
Mumbai,2024-03-19,33.1,21.2,0.0
Mumbai,2024-03-20,38.0,21.8,0.0
Mumbai,2024-03-21,37.8,22.1,0.0
Mumbai,2024-03-22,33.8,21.1,0.0
Mumbai,2024-03-23,33.2,20.7,0.0
Mumbai,2024-03-24,31.8,21.4,0.0
Mumbai,2024-03-25,32.5,21.4,0.0
Mumbai,2024-03-26,34.2,21.2,0.0
Mumbai,2024-03-27,33.1,22.1,0.0
Mumbai,2024-03-28,33.0,23.3,0.0
Mumbai,2024-03-29,34.7,23.5,0.0
Mumbai,2024-03-30,34.2,23.7,0.0
Mumbai,2024-03-31,34.1,23.6,0.0
Mumbai,2024-04-01,33.8,21.9,0.0
Mumbai,2024-04-02,33.2,21.3,0.0
Mumbai,2024-04-03,33.4,21.5,0.0
Mumbai,2024-04-04,32.9,22.2,0.0
Mumbai,2024-04-05,35.4,23.2,0.0
Mumbai,2024-04-06,36.8,26.6,0.0
Mumbai,2024-04-07,36.5,22.2,0.0
Mumbai,2024-04-08,33.4,21.9,0.0
Mumbai,2024-04-09,34.2,21.7,0.0
Mumbai,2024-04-10,33.4,23.0,0.0
Mumbai,2024-04-11,33.5,22.6,0.0
Mumbai,2024-04-12,33.8,22.9,0.0
Mumbai,2024-04-13,31.5,22.1,0.0
Mumbai,2024-04-14,32.6,21.7,0.0
Mumbai,2024-04-15,36.3,25.4,0.0
Mumbai,2024-04-16,41.3,27.9,0.0
Mumbai,2024-04-17,33.8,27.3,0.0
Mumbai,2024-04-18,34.3,26.5,0.0
Mumbai,2024-04-19,35.7,26.2,0.0
Mumbai,2024-04-20,35.7,24.5,0.0
Mumbai,2024-04-21,34.0,24.3,0.0
Mumbai,2024-04-22,34.3,24.7,0.0
Mumbai,2024-04-23,34.4,24.1,0.0
Mumbai,2024-04-24,33.9,23.8,0.0
Mumbai,2024-04-25,34.4,24.7,0.0
Mumbai,2024-04-26,35.2,26.1,0.0
Mumbai,2024-04-27,36.1,26.1,0.0
Mumbai,2024-04-28,39.4,27.1,0.0
Mumbai,2024-04-29,38.2,26.4,0.0
Mumbai,2024-04-30,37.6,25.6,0.0
Mumbai,2024-05-01,34.5,24.3,0.0
Mumbai,2024-05-02,33.4,23.3,0.0
Mumbai,2024-05-03,33.2,23.3,0.0
Mumbai,2024-05-04,33.2,24.1,0.0
Mumbai,2024-05-05,34.7,25.0,0.0
Mumbai,2024-05-06,33.2,25.5,0.0
Mumbai,2024-05-07,33.4,25.5,0.0
Mumbai,2024-05-08,33.0,26.3,0.0
Mumbai,2024-05-09,32.9,26.7,0.0
Mumbai,2024-05-10,33.2,26.2,0.0
Mumbai,2024-05-11,33.6,26.3,0.0
Mumbai,2024-05-12,33.9,27.1,0.0
Mumbai,2024-05-13,34.8,27.5,1.8
Mumbai,2024-05-14,37.6,26.7,0.0
Mumbai,2024-05-15,36.0,26.9,0.0
Mumbai,2024-05-16,38.9,27.9,0.1
Mumbai,2024-05-17,36.3,27.7,0.0
Mumbai,2024-05-18,34.7,27.9,0.0
Mumbai,2024-05-19,34.1,26.5,5.6
Mumbai,2024-05-20,35.1,28.9,0.0
Mumbai,2024-05-21,35.4,28.5,0.1
Mumbai,2024-05-22,34.5,28.7,0.3
Mumbai,2024-05-23,34.2,28.0,0.0
Mumbai,2024-05-24,34.7,28.3,0.2
Mumbai,2024-05-25,33.7,28.7,0.7
Mumbai,2024-05-26,33.4,29.1,0.5
Mumbai,2024-05-27,33.6,28.9,0.5
Mumbai,2024-05-28,33.7,29.0,0.6
Mumbai,2024-05-29,34.0,29.2,0.4
Mumbai,2024-05-30,34.6,28.0,0.5
Mumbai,2024-05-31,34.4,28.0,0.3
Mumbai,2024-06-01,34.1,27.6,0.9
Mumbai,2024-06-02,34.5,28.1,0.2
Mumbai,2024-06-03,34.2,28.7,0.7
Mumbai,2024-06-04,33.5,27.4,5.6
Mumbai,2024-06-05,33.8,26.5,6.5
Mumbai,2024-06-06,34.1,26.5,1.1
Mumbai,2024-06-07,33.6,27.1,1.5
Mumbai,2024-06-08,34.4,26.5,5.4
Mumbai,2024-06-09,31.6,25.7,36.6
Mumbai,2024-06-10,29.8,25.7,20.1
Mumbai,2024-06-11,30.2,25.7,12.1
Mumbai,2024-06-12,30.0,25.6,13.0
Mumbai,2024-06-13,30.0,25.8,14.9
Mumbai,2024-06-14,29.2,25.8,7.3
Mumbai,2024-06-15,29.8,25.8,1.9
Mumbai,2024-06-16,31.0,26.2,1.5
Mumbai,2024-06-17,31.6,26.5,8.5
Mumbai,2024-06-18,29.8,26.2,32.9
Mumbai,2024-06-19,29.2,26.0,29.1
Mumbai,2024-06-20,28.5,24.9,46.0
Mumbai,2024-06-21,31.1,25.1,18.9
Mumbai,2024-06-22,30.2,25.3,4.0
Mumbai,2024-06-23,29.8,25.8,8.2
Mumbai,2024-06-24,29.7,26.1,6.4
Mumbai,2024-06-25,30.6,26.2,10.7
Mumbai,2024-06-26,30.5,26.8,21.0
Mumbai,2024-06-27,28.8,26.4,116.2
Mumbai,2024-06-28,28.2,25.9,31.9
Mumbai,2024-06-29,30.1,26.1,17.6
Mumbai,2024-06-30,29.4,26.5,20.5
Mumbai,2024-07-01,30.6,26.7,15.3
Mumbai,2024-07-02,30.4,26.1,6.7
Mumbai,2024-07-03,30.1,26.3,10.3
Mumbai,2024-07-04,29.0,26.1,10.4
Mumbai,2024-07-05,29.1,25.8,14.8
Mumbai,2024-07-06,29.5,25.9,14.2
Mumbai,2024-07-07,29.2,25.7,11.1
Mumbai,2024-07-08,28.5,25.6,31.4
Mumbai,2024-07-09,27.0,25.5,69.1
Mumbai,2024-07-10,28.8,25.2,36.9
Mumbai,2024-07-11,28.8,24.6,38.5
Mumbai,2024-07-12,26.6,25.2,93.8
Mumbai,2024-07-13,26.6,24.8,75.3
Mumbai,2024-07-14,26.6,24.5,44.0
Mumbai,2024-07-15,28.1,25.1,6.9
Mumbai,2024-07-16,29.1,25.3,18.6
Mumbai,2024-07-17,27.7,25.8,49.7
Mumbai,2024-07-18,28.1,25.7,55.1
Mumbai,2024-07-19,27.3,25.8,48.1
Mumbai,2024-07-20,27.7,25.9,89.6
Mumbai,2024-07-21,27.1,25.7,48.1
Mumbai,2024-07-22,26.9,25.9,57.1
Mumbai,2024-07-23,26.6,25.5,40.3
Mumbai,2024-07-24,27.0,25.8,59.8
Mumbai,2024-07-25,27.4,25.1,68.7
Mumbai,2024-07-26,28.6,25.3,17.6
Mumbai,2024-07-27,28.8,25.8,8.8
Mumbai,2024-07-28,29.3,25.7,25.8
Mumbai,2024-07-29,27.7,25.4,29.7
Mumbai,2024-07-30,28.2,24.9,19.2
Mumbai,2024-07-31,28.7,25.1,22.8
Mumbai,2024-08-01,29.4,25.4,14.0
Mumbai,2024-08-02,28.3,25.3,27.6
Mumbai,2024-08-03,27.5,25.5,25.7
Mumbai,2024-08-04,27.0,25.5,35.9
Mumbai,2024-08-05,28.9,25.5,6.6
Mumbai,2024-08-06,28.7,25.6,4.7
Mumbai,2024-08-07,28.8,25.3,4.6
Mumbai,2024-08-08,28.7,25.2,5.6
Mumbai,2024-08-09,27.8,25.0,15.3
Mumbai,2024-08-10,28.1,25.2,3.2
Mumbai,2024-08-11,29.2,25.9,2.6
Mumbai,2024-08-12,28.9,25.4,2.6
Mumbai,2024-08-13,28.8,25.4,4.0
Mumbai,2024-08-14,29.1,25.4,1.4
Mumbai,2024-08-15,29.4,25.8,1.1
Mumbai,2024-08-16,29.6,25.7,1.2
Mumbai,2024-08-17,29.6,25.5,0.2
Mumbai,2024-08-18,29.9,25.5,6.4
Mumbai,2024-08-19,29.1,25.5,15.1
Mumbai,2024-08-20,28.6,25.1,26.9
Mumbai,2024-08-21,30.3,25.3,0.3
Mumbai,2024-08-22,30.0,25.9,7.5
Mumbai,2024-08-23,28.5,25.7,19.0
Mumbai,2024-08-24,26.5,24.7,64.2
Mumbai,2024-08-25,27.6,25.2,21.2
Mumbai,2024-08-26,27.0,24.4,28.4
Mumbai,2024-08-27,27.6,24.8,12.5
Mumbai,2024-08-28,28.9,25.4,13.0
Mumbai,2024-08-29,29.0,25.2,8.1
Mumbai,2024-08-30,29.0,25.3,3.6
Mumbai,2024-08-31,28.9,25.4,2.0
Mumbai,2024-09-01,27.8,25.3,2.6
Mumbai,2024-09-02,27.3,24.8,32.0
Mumbai,2024-09-03,27.3,24.9,12.0
Mumbai,2024-09-04,28.3,25.1,18.4
Mumbai,2024-09-05,28.3,25.1,31.7
Mumbai,2024-09-06,28.4,25.3,8.7
Mumbai,2024-09-07,28.3,24.9,10.1
Mumbai,2024-09-08,28.7,25.0,3.3
Mumbai,2024-09-09,28.8,25.1,2.6
Mumbai,2024-09-10,28.5,24.9,3.8
Mumbai,2024-09-11,28.2,24.9,5.5
Mumbai,2024-09-12,28.4,24.9,6.9
Mumbai,2024-09-13,28.6,24.0,5.7
Mumbai,2024-09-14,27.9,23.5,8.8
Mumbai,2024-09-15,27.4,23.6,2.6
Mumbai,2024-09-16,28.7,23.1,2.1
Mumbai,2024-09-17,28.9,23.1,0.2
Mumbai,2024-09-18,29.2,23.4,0.8
Mumbai,2024-09-19,29.5,24.4,1.1
Mumbai,2024-09-20,28.4,23.3,6.1
Mumbai,2024-09-21,29.7,23.9,0.9
Mumbai,2024-09-22,29.7,25.1,2.2
Mumbai,2024-09-23,28.9,25.2,10.4
Mumbai,2024-09-24,29.0,24.5,24.7
Mumbai,2024-09-25,28.0,24.3,37.7
Mumbai,2024-09-26,26.6,24.5,48.0
Mumbai,2024-09-27,26.8,25.5,54.6
Mumbai,2024-09-28,28.1,24.9,5.7
Mumbai,2024-09-29,28.7,24.8,4.2
Mumbai,2024-09-30,29.7,24.7,1.6
Mumbai,2024-10-01,31.5,25.0,0.6
Mumbai,2024-10-02,30.7,25.4,1.3
Mumbai,2024-10-03,30.1,25.5,1.7
Mumbai,2024-10-04,29.5,24.6,1.2
Mumbai,2024-10-05,29.5,24.3,1.0
Mumbai,2024-10-06,31.3,24.3,21.4
Mumbai,2024-10-07,31.6,24.8,0.6
Mumbai,2024-10-08,32.2,25.7,0.0
Mumbai,2024-10-09,29.1,24.4,6.4
Mumbai,2024-10-10,29.7,24.4,6.4
Mumbai,2024-10-11,31.5,24.6,22.1
Mumbai,2024-10-12,31.4,24.3,0.6
Mumbai,2024-10-13,30.6,24.2,2.1
Mumbai,2024-10-14,31.6,24.3,5.1
Mumbai,2024-10-15,29.6,24.4,0.6
Mumbai,2024-10-16,30.7,24.7,8.0
Mumbai,2024-10-17,29.0,25.4,2.9
Mumbai,2024-10-18,31.9,24.0,14.3
Mumbai,2024-10-19,30.1,24.0,6.0
Mumbai,2024-10-20,29.8,23.9,15.7
Mumbai,2024-10-21,30.4,23.6,11.2
Mumbai,2024-10-22,30.3,23.6,0.5
Mumbai,2024-10-23,31.4,24.2,0.0
Mumbai,2024-10-24,32.5,23.0,0.0
Mumbai,2024-10-25,31.1,22.4,0.0
Mumbai,2024-10-26,32.5,22.1,0.0
Mumbai,2024-10-27,31.6,22.1,0.0
Mumbai,2024-10-28,31.8,23.1,0.0
Mumbai,2024-10-29,31.2,24.2,0.0
Mumbai,2024-10-30,32.7,24.1,0.0
Mumbai,2024-10-31,32.4,24.1,0.0
Mumbai,2024-11-01,31.3,24.4,0.3
Mumbai,2024-11-02,33.1,22.4,0.0
Mumbai,2024-11-03,34.2,22.3,0.0
Mumbai,2024-11-04,34.1,22.8,0.0
Mumbai,2024-11-05,34.3,22.5,0.0
Mumbai,2024-11-06,33.7,22.0,0.0
Mumbai,2024-11-07,33.5,21.6,0.0
Mumbai,2024-11-08,33.8,22.4,0.0
Mumbai,2024-11-09,34.1,21.7,0.0
Mumbai,2024-11-10,33.7,22.2,0.0
Mumbai,2024-11-11,33.3,22.9,0.0
Mumbai,2024-11-12,33.5,22.3,0.0
Mumbai,2024-11-13,34.8,23.4,0.0
Mumbai,2024-11-14,35.4,23.0,0.0
Mumbai,2024-11-15,33.9,25.1,0.3
Mumbai,2024-11-16,34.4,25.4,0.0
Mumbai,2024-11-17,35.8,24.6,0.0
Mumbai,2024-11-18,34.8,23.4,0.0
Mumbai,2024-11-19,33.9,22.1,0.0
Mumbai,2024-11-20,33.1,21.8,0.0
Mumbai,2024-11-21,33.1,21.4,0.0
Mumbai,2024-11-22,32.7,20.9,0.0
Mumbai,2024-11-23,32.0,21.6,0.0
Mumbai,2024-11-24,33.0,21.7,0.0
Mumbai,2024-11-25,32.9,21.4,0.0
Mumbai,2024-11-26,32.3,20.7,0.0
Mumbai,2024-11-27,32.6,20.4,0.0
Mumbai,2024-11-28,32.1,19.9,0.0
Mumbai,2024-11-29,31.4,20.3,0.0
Mumbai,2024-11-30,31.4,19.9,0.0
Mumbai,2024-12-01,32.6,20.5,0.0
Mumbai,2024-12-02,33.8,23.0,0.0
Mumbai,2024-12-03,33.6,25.6,0.2
Mumbai,2024-12-04,34.2,26.1,0.2
Mumbai,2024-12-05,34.3,25.5,0.0
Mumbai,2024-12-06,32.7,25.2,0.0
Mumbai,2024-12-07,32.8,22.0,0.0
Mumbai,2024-12-08,31.1,21.2,0.0
Mumbai,2024-12-09,30.9,20.4,0.0
Mumbai,2024-12-10,31.4,20.4,0.0
Mumbai,2024-12-11,33.6,21.2,0.0
Mumbai,2024-12-12,31.1,20.5,0.0
Mumbai,2024-12-13,32.3,21.2,0.0
Mumbai,2024-12-14,32.9,20.1,0.0
Mumbai,2024-12-15,33.2,19.0,0.0
Mumbai,2024-12-16,32.4,18.3,0.0
Mumbai,2024-12-17,30.8,17.8,0.0
Mumbai,2024-12-18,32.2,18.2,0.0
Mumbai,2024-12-19,29.7,17.9,0.0
Mumbai,2024-12-20,28.2,19.5,0.0
Mumbai,2024-12-21,27.9,19.2,0.0
Mumbai,2024-12-22,27.8,20.9,0.0
Mumbai,2024-12-23,27.3,21.2,0.0
Mumbai,2024-12-24,28.5,20.6,0.0
Mumbai,2024-12-25,28.7,20.3,0.0
Mumbai,2024-12-26,29.6,21.5,0.0
Mumbai,2024-12-27,28.2,21.7,0.0
Mumbai,2024-12-28,29.9,21.7,0.3
Mumbai,2024-12-29,30.4,22.2,0.0
Mumbai,2024-12-30,32.6,23.4,0.0
Mumbai,2024-12-31,33.2,22.8,0.0
Sydney,2024-01-01,25.5,19.0,0.5
Sydney,2024-01-02,25.8,19.0,0.0
Sydney,2024-01-03,27.4,19.5,0.0
Sydney,2024-01-04,26.2,19.6,4.0
Sydney,2024-01-05,23.1,16.4,0.0
Sydney,2024-01-06,24.9,16.7,0.1
Sydney,2024-01-07,25.8,19.9,0.1
Sydney,2024-01-08,27.2,19.9,3.1
Sydney,2024-01-09,24.9,18.2,0.5
Sydney,2024-01-10,27.4,21.3,0.6
Sydney,2024-01-11,27.1,21.7,4.4
Sydney,2024-01-12,27.4,17.6,0.2
Sydney,2024-01-13,29.0,21.0,2.3
Sydney,2024-01-14,25.5,19.4,64.0
Sydney,2024-01-15,22.8,19.6,6.5
Sydney,2024-01-16,24.1,21.6,4.7
Sydney,2024-01-17,28.5,20.7,13.0
Sydney,2024-01-18,28.0,17.8,1.3
Sydney,2024-01-19,26.3,20.2,0.2
Sydney,2024-01-20,26.7,18.8,0.0
Sydney,2024-01-21,32.8,20.3,0.0
Sydney,2024-01-22,23.3,19.5,1.3
Sydney,2024-01-23,24.5,18.1,0.2
Sydney,2024-01-24,31.7,23.0,0.0
Sydney,2024-01-25,33.9,23.6,0.0
Sydney,2024-01-26,36.6,21.1,2.1
Sydney,2024-01-27,24.1,17.5,1.0
Sydney,2024-01-28,25.8,20.3,0.8
Sydney,2024-01-29,28.1,22.5,1.4
Sydney,2024-01-30,25.8,20.4,2.7
Sydney,2024-01-31,25.5,20.6,2.3
Sydney,2024-02-01,27.0,20.4,0.2
Sydney,2024-02-02,27.6,20.9,0.1
Sydney,2024-02-03,26.7,19.9,0.1
Sydney,2024-02-04,31.4,24.0,0.0
Sydney,2024-02-05,33.8,22.3,5.1
Sydney,2024-02-06,24.3,19.0,1.0
Sydney,2024-02-07,22.4,19.5,2.2
Sydney,2024-02-08,23.2,16.8,0.1
Sydney,2024-02-09,23.6,20.5,5.5
Sydney,2024-02-10,23.7,18.2,0.1
Sydney,2024-02-11,24.7,15.8,0.3
Sydney,2024-02-12,26.8,20.2,0.0
Sydney,2024-02-13,30.2,19.6,0.0
Sydney,2024-02-14,28.4,20.1,3.2
Sydney,2024-02-15,23.6,20.2,16.5
Sydney,2024-02-16,26.4,20.7,7.4
Sydney,2024-02-17,28.5,20.3,0.0
Sydney,2024-02-18,27.8,21.4,3.8
Sydney,2024-02-19,23.2,19.1,14.9
Sydney,2024-02-20,22.4,19.7,9.4
Sydney,2024-02-21,24.5,19.1,1.0
Sydney,2024-02-22,28.9,19.5,0.3
Sydney,2024-02-23,34.6,20.7,5.3
Sydney,2024-02-24,21.8,16.8,0.3
Sydney,2024-02-25,25.5,16.8,0.0
Sydney,2024-02-26,26.9,18.7,0.7
Sydney,2024-02-27,25.3,18.8,4.2
Sydney,2024-02-28,29.2,21.5,0.3
Sydney,2024-02-29,34.9,21.5,0.0
Sydney,2024-03-01,26.8,22.0,0.0
Sydney,2024-03-02,24.2,18.1,4.1
Sydney,2024-03-03,29.8,19.8,0.3
Sydney,2024-03-04,22.4,13.7,0.1
Sydney,2024-03-05,24.4,16.1,0.0
Sydney,2024-03-06,28.3,17.9,0.0
Sydney,2024-03-07,26.9,18.9,1.8
Sydney,2024-03-08,27.2,16.8,0.3
Sydney,2024-03-09,27.9,18.4,0.1
Sydney,2024-03-10,27.8,17.5,0.0
Sydney,2024-03-11,27.6,17.5,0.0
Sydney,2024-03-12,30.6,18.6,0.0
Sydney,2024-03-13,27.2,19.1,0.0
Sydney,2024-03-14,31.0,18.9,3.1
Sydney,2024-03-15,23.1,17.0,2.5
Sydney,2024-03-16,23.0,18.0,7.9
Sydney,2024-03-17,22.1,18.4,14.8
Sydney,2024-03-18,23.7,18.2,3.1
Sydney,2024-03-19,26.3,19.8,4.8
Sydney,2024-03-20,24.8,17.6,7.6
Sydney,2024-03-21,20.5,13.3,0.4
Sydney,2024-03-22,21.9,13.1,0.5
Sydney,2024-03-23,22.9,17.3,3.0
Sydney,2024-03-24,24.4,15.2,0.2
Sydney,2024-03-25,27.2,14.8,0.0
Sydney,2024-03-26,24.9,17.8,1.2
Sydney,2024-03-27,23.9,16.5,1.1
Sydney,2024-03-28,23.1,17.8,2.0
Sydney,2024-03-29,23.8,13.1,0.0
Sydney,2024-03-30,26.1,15.6,0.0
Sydney,2024-03-31,25.6,15.4,0.0
Sydney,2024-04-01,27.3,17.5,0.5
Sydney,2024-04-02,25.4,15.3,15.0
Sydney,2024-04-03,22.5,18.4,1.9
Sydney,2024-04-04,20.1,18.1,30.3
Sydney,2024-04-05,21.7,18.4,67.6
Sydney,2024-04-06,26.4,14.2,0.0
Sydney,2024-04-07,25.2,16.3,0.5
Sydney,2024-04-08,21.7,15.0,0.8
Sydney,2024-04-09,20.7,12.8,17.1
Sydney,2024-04-10,20.2,11.5,0.0
Sydney,2024-04-11,20.5,12.2,0.0
Sydney,2024-04-12,22.0,11.9,0.0
Sydney,2024-04-13,21.7,14.1,1.3
Sydney,2024-04-14,23.4,13.9,0.0
Sydney,2024-04-15,22.9,14.0,0.0
Sydney,2024-04-16,21.7,14.7,0.4
Sydney,2024-04-17,21.2,14.1,1.4
Sydney,2024-04-18,22.0,11.5,1.7
Sydney,2024-04-19,19.5,15.1,5.4
Sydney,2024-04-20,18.4,15.2,11.1
Sydney,2024-04-21,19.6,12.9,0.2
Sydney,2024-04-22,21.2,12.7,0.0
Sydney,2024-04-23,22.9,14.6,0.0
Sydney,2024-04-24,24.9,11.9,0.2
Sydney,2024-04-25,19.7,11.5,0.0
Sydney,2024-04-26,19.0,10.9,0.0
Sydney,2024-04-27,20.1,11.4,0.1
Sydney,2024-04-28,22.5,11.5,0.0
Sydney,2024-04-29,25.5,16.1,2.4
Sydney,2024-04-30,17.7,13.4,8.7
Sydney,2024-05-01,17.7,13.4,8.1
Sydney,2024-05-02,18.4,12.9,6.6
Sydney,2024-05-03,16.8,13.2,11.6
Sydney,2024-05-04,17.9,13.6,16.4
Sydney,2024-05-05,18.1,14.1,39.4
Sydney,2024-05-06,20.1,14.3,3.1
Sydney,2024-05-07,18.7,13.0,1.9
Sydney,2024-05-08,18.7,13.5,8.7
Sydney,2024-05-09,18.9,13.8,2.3
Sydney,2024-05-10,19.9,15.0,13.7
Sydney,2024-05-11,17.0,14.8,27.3
Sydney,2024-05-12,19.2,14.6,5.0
Sydney,2024-05-13,19.6,11.5,1.3
Sydney,2024-05-14,21.2,12.4,0.4
Sydney,2024-05-15,21.2,10.6,0.0
Sydney,2024-05-16,20.0,11.8,0.4
Sydney,2024-05-17,21.3,12.1,1.2
Sydney,2024-05-18,15.0,9.4,2.7
Sydney,2024-05-19,16.9,8.1,0.0
Sydney,2024-05-20,17.6,12.9,1.5
Sydney,2024-05-21,17.7,8.1,0.0
Sydney,2024-05-22,17.9,6.9,0.0
Sydney,2024-05-23,18.3,7.1,0.0
Sydney,2024-05-24,18.5,9.4,0.0
Sydney,2024-05-25,18.1,8.7,0.0
Sydney,2024-05-26,19.6,7.8,0.0
Sydney,2024-05-27,18.9,6.7,0.0
Sydney,2024-05-28,19.3,7.2,0.0
Sydney,2024-05-29,20.0,8.2,0.0
Sydney,2024-05-30,22.1,14.4,0.0
Sydney,2024-05-31,19.5,12.0,7.2
Sydney,2024-06-01,16.6,11.1,58.8
Sydney,2024-06-02,16.1,6.5,0.5
Sydney,2024-06-03,16.1,7.3,0.0
Sydney,2024-06-04,16.6,8.6,0.0
Sydney,2024-06-05,14.7,10.8,4.7
Sydney,2024-06-06,15.5,13.5,18.7
Sydney,2024-06-07,17.5,11.1,1.1
Sydney,2024-06-08,19.0,8.8,0.2
Sydney,2024-06-09,17.5,8.6,0.0
Sydney,2024-06-10,16.8,5.4,0.2
Sydney,2024-06-11,15.8,9.9,0.0
Sydney,2024-06-12,16.8,7.4,2.8
Sydney,2024-06-13,14.9,9.9,0.4
Sydney,2024-06-14,13.8,10.7,25.1
Sydney,2024-06-15,13.2,6.4,2.2
Sydney,2024-06-16,15.0,8.7,0.0
Sydney,2024-06-17,15.4,7.5,0.5
Sydney,2024-06-18,16.0,6.1,0.0
Sydney,2024-06-19,14.2,2.4,0.0
Sydney,2024-06-20,15.0,6.0,0.0
Sydney,2024-06-21,15.6,7.8,4.2
Sydney,2024-06-22,13.8,10.2,8.0
Sydney,2024-06-23,14.6,5.3,1.3
Sydney,2024-06-24,15.7,4.7,0.0
Sydney,2024-06-25,17.3,6.9,0.0
Sydney,2024-06-26,19.4,3.9,0.0
Sydney,2024-06-27,17.2,4.3,0.0
Sydney,2024-06-28,16.8,5.4,0.0
Sydney,2024-06-29,18.9,12.2,4.5
Sydney,2024-06-30,14.0,6.5,1.3
Sydney,2024-07-01,13.7,9.3,3.9
Sydney,2024-07-02,14.6,10.7,5.1
Sydney,2024-07-03,14.5,10.8,7.4
Sydney,2024-07-04,16.6,10.7,2.1
Sydney,2024-07-05,16.0,11.4,3.6
Sydney,2024-07-06,15.5,10.0,1.1
Sydney,2024-07-07,15.6,11.5,5.5
Sydney,2024-07-08,16.7,12.9,3.7
Sydney,2024-07-09,18.6,6.7,0.2
Sydney,2024-07-10,17.6,7.5,0.2
Sydney,2024-07-11,16.5,7.2,0.0
Sydney,2024-07-12,16.6,9.8,0.0
Sydney,2024-07-13,16.1,8.2,0.0
Sydney,2024-07-14,15.1,6.3,0.0
Sydney,2024-07-15,13.5,8.0,0.1
Sydney,2024-07-16,13.9,9.9,0.0
Sydney,2024-07-17,17.6,7.7,0.5
Sydney,2024-07-18,16.5,5.3,0.0
Sydney,2024-07-19,15.7,10.1,0.0
Sydney,2024-07-20,15.4,10.0,0.0
Sydney,2024-07-21,16.2,6.0,0.0
Sydney,2024-07-22,17.6,5.2,0.0
Sydney,2024-07-23,17.9,4.4,0.0
Sydney,2024-07-24,18.9,10.7,0.0
Sydney,2024-07-25,22.2,12.6,1.8
Sydney,2024-07-26,19.1,6.1,1.7
Sydney,2024-07-27,16.3,8.1,1.5
Sydney,2024-07-28,13.2,6.9,0.0
Sydney,2024-07-29,13.6,7.0,0.0
Sydney,2024-07-30,14.8,8.9,0.0
Sydney,2024-07-31,15.0,9.2,0.2
Sydney,2024-08-01,14.4,8.7,2.2
Sydney,2024-08-02,15.1,5.4,0.3
Sydney,2024-08-03,17.1,4.7,0.0
Sydney,2024-08-04,15.4,4.7,0.0
Sydney,2024-08-05,15.3,7.3,0.2
Sydney,2024-08-06,16.8,5.2,0.0
Sydney,2024-08-07,16.7,4.3,0.0
Sydney,2024-08-08,17.6,6.3,0.0
Sydney,2024-08-09,19.0,8.4,0.9
Sydney,2024-08-10,17.6,8.0,0.2
Sydney,2024-08-11,17.3,9.4,0.9
Sydney,2024-08-12,18.0,13.2,5.3
Sydney,2024-08-13,18.4,14.6,6.9
Sydney,2024-08-14,16.8,12.5,16.3
Sydney,2024-08-15,17.1,11.1,0.2
Sydney,2024-08-16,20.2,12.0,0.1
Sydney,2024-08-17,19.1,11.5,0.1
Sydney,2024-08-18,15.7,11.2,0.2
Sydney,2024-08-19,16.4,8.2,0.3
Sydney,2024-08-20,20.7,14.6,0.2
Sydney,2024-08-21,24.3,13.6,0.0
Sydney,2024-08-22,20.2,8.7,0.0
Sydney,2024-08-23,19.9,12.2,0.2
Sydney,2024-08-24,26.2,15.8,1.0
Sydney,2024-08-25,23.5,15.2,0.1
Sydney,2024-08-26,21.3,6.7,0.0
Sydney,2024-08-27,22.3,15.0,0.0
Sydney,2024-08-28,26.8,12.4,0.0
Sydney,2024-08-29,22.2,12.7,0.0
Sydney,2024-08-30,29.2,14.8,0.0
Sydney,2024-08-31,22.9,13.9,0.0
Sydney,2024-09-01,25.8,15.1,0.0
Sydney,2024-09-02,25.1,9.2,0.0
Sydney,2024-09-03,17.3,5.4,0.0
Sydney,2024-09-04,20.7,10.8,0.0
Sydney,2024-09-05,26.7,15.3,0.0
Sydney,2024-09-06,29.3,17.8,0.0
Sydney,2024-09-07,24.2,13.4,0.0
Sydney,2024-09-08,19.7,10.0,0.0
Sydney,2024-09-09,24.6,12.4,0.0
Sydney,2024-09-10,20.1,8.4,0.0
Sydney,2024-09-11,22.7,15.5,0.2
Sydney,2024-09-12,19.1,11.7,3.7
Sydney,2024-09-13,17.1,7.7,0.0
Sydney,2024-09-14,22.2,9.3,0.0
Sydney,2024-09-15,15.8,5.1,0.2
Sydney,2024-09-16,18.3,8.3,0.0
Sydney,2024-09-17,20.6,6.3,0.0
Sydney,2024-09-18,24.9,12.4,0.0
Sydney,2024-09-19,26.7,8.1,0.0
Sydney,2024-09-20,24.0,11.2,0.0
Sydney,2024-09-21,23.0,9.2,0.0
Sydney,2024-09-22,25.2,9.6,0.0
Sydney,2024-09-23,27.8,13.3,0.0
Sydney,2024-09-24,24.1,16.3,0.0
Sydney,2024-09-25,29.4,13.4,4.2
Sydney,2024-09-26,16.1,12.0,17.2
Sydney,2024-09-27,16.5,13.4,1.6
Sydney,2024-09-28,18.2,11.7,1.0
Sydney,2024-09-29,19.8,15.1,29.8
Sydney,2024-09-30,18.9,9.4,1.9
Sydney,2024-10-01,20.1,13.3,2.2
Sydney,2024-10-02,18.3,12.6,1.4
Sydney,2024-10-03,19.0,8.2,0.1
Sydney,2024-10-04,21.4,15.2,6.8
Sydney,2024-10-05,25.0,15.2,0.0
Sydney,2024-10-06,26.7,10.5,0.0
Sydney,2024-10-07,28.3,15.5,0.1
Sydney,2024-10-08,16.2,14.0,1.5
Sydney,2024-10-09,18.4,10.0,1.3
Sydney,2024-10-10,22.1,12.5,0.2
Sydney,2024-10-11,22.8,15.6,0.7
Sydney,2024-10-12,17.6,11.5,0.9
Sydney,2024-10-13,20.4,11.7,0.0
Sydney,2024-10-14,24.2,14.7,4.3
Sydney,2024-10-15,17.7,11.2,1.7
Sydney,2024-10-16,18.2,8.2,0.0
Sydney,2024-10-17,21.8,16.1,2.8
Sydney,2024-10-18,24.5,17.1,2.5
Sydney,2024-10-19,22.1,16.3,5.9
Sydney,2024-10-20,20.3,14.8,0.4
Sydney,2024-10-21,19.6,12.1,0.4
Sydney,2024-10-22,22.0,10.9,0.0
Sydney,2024-10-23,26.6,14.8,0.5
Sydney,2024-10-24,20.2,11.1,5.4
Sydney,2024-10-25,21.7,10.2,0.4
Sydney,2024-10-26,19.3,9.2,0.0
Sydney,2024-10-27,24.4,11.5,0.0
Sydney,2024-10-28,24.9,15.4,0.4
Sydney,2024-10-29,22.5,11.3,0.1
Sydney,2024-10-30,24.9,13.8,0.0
Sydney,2024-10-31,26.1,16.1,2.0
Sydney,2024-11-01,21.2,16.3,1.7
Sydney,2024-11-02,24.7,14.5,1.2
Sydney,2024-11-03,31.5,17.1,0.0
Sydney,2024-11-04,21.5,18.1,5.6
Sydney,2024-11-05,22.7,15.8,0.5
Sydney,2024-11-06,32.9,18.8,0.0
Sydney,2024-11-07,34.3,15.6,6.6
Sydney,2024-11-08,28.0,17.0,1.5
Sydney,2024-11-09,24.9,17.3,2.2
Sydney,2024-11-10,25.2,16.9,1.2
Sydney,2024-11-11,21.6,16.2,2.2
Sydney,2024-11-12,22.3,16.0,1.3
Sydney,2024-11-13,23.2,17.0,9.7
Sydney,2024-11-14,20.5,17.8,1.3
Sydney,2024-11-15,20.6,18.2,3.4
Sydney,2024-11-16,24.3,18.9,0.3
Sydney,2024-11-17,26.5,19.3,28.0
Sydney,2024-11-18,25.8,17.0,2.8
Sydney,2024-11-19,20.9,15.1,2.8
Sydney,2024-11-20,22.4,16.5,0.9
Sydney,2024-11-21,23.7,15.1,0.1
Sydney,2024-11-22,25.2,17.2,0.0
Sydney,2024-11-23,27.5,18.2,0.0
Sydney,2024-11-24,27.7,18.7,0.0
Sydney,2024-11-25,27.6,19.3,0.0
Sydney,2024-11-26,33.4,20.4,0.0
Sydney,2024-11-27,36.3,23.5,1.4
Sydney,2024-11-28,30.1,20.3,2.6
Sydney,2024-11-29,22.4,20.4,25.5
Sydney,2024-11-30,26.1,19.6,17.2
Sydney,2024-12-01,27.8,19.2,9.9
Sydney,2024-12-02,29.6,21.3,0.0
Sydney,2024-12-03,30.3,21.2,2.1
Sydney,2024-12-04,23.4,19.8,0.1
Sydney,2024-12-05,25.9,21.1,0.1
Sydney,2024-12-06,31.3,22.0,0.2
Sydney,2024-12-07,32.0,20.3,11.8
Sydney,2024-12-08,27.7,19.1,3.0
Sydney,2024-12-09,22.1,19.1,1.8
Sydney,2024-12-10,23.1,18.5,0.7
Sydney,2024-12-11,25.1,17.1,0.7
Sydney,2024-12-12,28.1,19.5,0.0
Sydney,2024-12-13,29.4,20.6,0.0
Sydney,2024-12-14,26.3,21.2,0.0
Sydney,2024-12-15,26.6,22.0,0.9
Sydney,2024-12-16,30.5,20.4,0.0
Sydney,2024-12-17,33.8,18.8,18.7
Sydney,2024-12-18,21.4,18.0,0.4
Sydney,2024-12-19,22.9,15.6,0.0
Sydney,2024-12-20,25.6,16.0,0.0
Sydney,2024-12-21,29.2,20.0,0.7
Sydney,2024-12-22,26.6,20.6,0.0
Sydney,2024-12-23,29.1,16.0,0.0
Sydney,2024-12-24,23.5,16.3,0.0
Sydney,2024-12-25,27.4,17.0,0.0
Sydney,2024-12-26,27.2,21.2,0.7
Sydney,2024-12-27,35.4,18.8,0.7
Sydney,2024-12-28,25.7,17.1,0.3
Sydney,2024-12-29,28.1,19.9,0.0
Sydney,2024-12-30,25.8,18.9,0.3
Sydney,2024-12-31,26.7,19.8,0.0
